exp_score,nov_score,beta,learning_rate,margin,mb_size,num_epochs,num_output,prop_negative,shuffled
0.8008314436886041,0.8166357452071886,0.0,0.1,50.0,64,100,100,0.3,False
0.790043290043311,0.8166357452071886,0.0,0.1,100.0,64,100,100,0.3,False
0.7921047206761663,0.8166357452071886,0.0,0.1,50.0,64,100,100,0.3,True
0.7956778671064539,0.8166357452071886,0.0,0.1,100.0,64,100,100,0.3,True
