exp_score,nov_score,beta,learning_rate,margin,mb_size,num_epochs,num_output,prop_negative,shuffled
0.6100803957947241,0.6351611351611756,0.0,0.1,50.0,64,100,100,0.3,False
0.6020751735037856,0.6351611351611756,0.0,0.1,100.0,64,100,100,0.3,False
0.5978835978836405,0.6351611351611756,0.0,0.1,50.0,64,100,100,0.3,True
0.5947914519343612,0.6351611351611756,0.0,0.1,100.0,64,100,100,0.3,True
