exp_score,nov_score,beta,learning_rate,margin,mb_size,num_epochs,num_output,prop_negative,shuffled
0.6038273895417179,0.6289081289081728,0.0,0.1,50.0,64,100,100,0.3,False
0.5987768844912122,0.6289081289081728,0.0,0.1,100.0,64,100,100,0.3,False
0.596062667491285,0.6289081289081728,0.0,0.1,50.0,64,100,100,0.3,True
0.5917336631622736,0.6289081289081728,0.0,0.1,100.0,64,100,100,0.3,True
