exp_score,nov_score,beta,learning_rate,margin,mb_size,num_epochs,num_output,prop_negative,shuffled
0.5017829566061477,0.5392113538903659,0.0,0.1,50.0,64,100,100,0.3,False
0.5036513667130781,0.5392113538903659,0.0,0.1,100.0,64,100,100,0.3,False
0.5024223234759673,0.5392113538903659,0.0,0.1,50.0,64,100,100,0.3,True
0.5022338300495144,0.5392113538903659,0.0,0.1,100.0,64,100,100,0.3,True
