exp_score,nov_score,beta,learning_rate,margin,mb_size,num_epochs,num_output,prop_negative,shuffled
0.503896809468439,0.5378834607818417,0.0,0.1,50.0,64,100,100,0.3,False
0.5053397815317541,0.5378834607818417,0.0,0.1,100.0,64,100,100,0.3,False
0.5024247430847605,0.5378834607818417,0.0,0.1,50.0,64,100,100,0.3,True
0.5049931283110305,0.5378834607818417,0.0,0.1,100.0,64,100,100,0.3,True
