exp_score,nov_score,beta,learning_rate,mb_size,num_epochs,num_output,prop_negative,shuffled
0.7291623720195446,0.6740878169449976,0.0,0.1,64,50,,,False
0.6814058956916424,0.6740878169449976,0.0,0.1,64,50,,,True
