exp_score,nov_score,beta,learning_rate,margin,mb_size,num_epochs,num_output,prop_negative,shuffled
0.5761961755430596,0.6589541064534761,0.0,0.1,50.0,64,100,100,0.3,False
0.5809498910524878,0.6589541064534761,0.0,0.1,100.0,64,100,100,0.3,False
0.5753670588032438,0.6589541064534761,0.0,0.1,50.0,64,100,100,0.3,True
0.5787954803785406,0.6589541064534761,0.0,0.1,100.0,64,100,100,0.3,True
