exp_score,nov_score,beta,learning_rate,mb_size,num_epochs,num_output,prop_negative,shuffled
0.6255797275992145,0.6023747384070361,0.0,0.1,64,50,,,False
0.6075646611725856,0.6023747384070361,0.0,0.1,64,50,,,True
