exp_score,nov_score,beta,learning_rate,margin,mb_size,num_epochs,num_output,prop_negative,shuffled
0.5112615217061401,0.5723402669450622,0.0,0.1,50.0,64,100,100,0.3,False
0.5125748730618388,0.5723402669450622,0.0,0.1,100.0,64,100,100,0.3,False
0.5098581470826443,0.5723402669450622,0.0,0.1,50.0,64,100,100,0.3,True
0.5112905678127921,0.5723402669450622,0.0,0.1,100.0,64,100,100,0.3,True
