exp_score,nov_score,beta,learning_rate,margin,mb_size,num_epochs,num_output,prop_negative,shuffled
0.8235415378272657,0.830962688105562,0.0,0.1,50.0,64,100,100,0.3,False
0.7564763279049267,0.830962688105562,0.0,0.1,100.0,64,100,100,0.3,False
0.7517006802721393,0.830962688105562,0.0,0.1,50.0,64,100,100,0.3,True
0.7371675943104743,0.830962688105562,0.0,0.1,100.0,64,100,100,0.3,True
