exp_score,nov_score,beta,learning_rate,margin,mb_size,num_epochs,num_output,prop_negative,shuffled
0.6436793330467201,0.6412061035469783,0.0,0.1,50.0,64,100,100,0.3,False
0.6327677271461177,0.6412061035469783,0.0,0.1,100.0,64,100,100,0.3,False
0.5842578198607412,0.6412061035469783,0.0,0.1,50.0,64,100,100,0.3,True
0.5893964943950831,0.6412061035469783,0.0,0.1,100.0,64,100,100,0.3,True
