exp_score,nov_score,beta,learning_rate,margin,mb_size,num_epochs,num_output,prop_negative,shuffled
0.8165670308527619,0.8256716828145632,0.0,0.1,50.0,64,100,100,0.3,False
0.7660276231705017,0.8256716828145632,0.0,0.1,100.0,64,100,100,0.3,False
0.7568542568542797,0.8256716828145632,0.0,0.1,50.0,64,100,100,0.3,True
0.7377860235003302,0.8256716828145632,0.0,0.1,100.0,64,100,100,0.3,True
