exp_score,nov_score,beta,learning_rate,margin,mb_size,num_epochs,num_output,prop_negative,shuffled
0.8208616780045481,0.8301381158524169,0.0,0.1,50.0,64,100,100,0.3,False
0.7697725554868635,0.8301381158524169,0.0,0.1,100.0,64,100,100,0.3,False
0.7554799697657026,0.8301381158524169,0.0,0.1,50.0,64,100,100,0.3,True
0.7379921665636178,0.8301381158524169,0.0,0.1,100.0,64,100,100,0.3,True
