exp_score,nov_score,beta,learning_rate,margin,mb_size,num_epochs,num_output,prop_negative,shuffled
0.5506467630021227,0.5329858703143924,0.0,0.1,50.0,64,100,100,0.3,False
0.5497510880859063,0.5329858703143924,0.0,0.1,100.0,64,100,100,0.3,False
0.5511736475260118,0.5329858703143924,0.0,0.1,50.0,64,100,100,0.3,True
0.5508938775931276,0.5329858703143924,0.0,0.1,100.0,64,100,100,0.3,True
