exp_score,nov_score,beta,learning_rate,margin,mb_size,num_epochs,num_output,prop_negative,shuffled
0.73307574968021,0.6477139115361119,0.0,0.1,50.0,64,100,100,0.3,False
0.6644284203404558,0.6477139115361119,0.0,0.1,100.0,64,100,100,0.3,False
0.5567495398809907,0.6477139115361119,0.0,0.1,50.0,64,100,100,0.3,True
0.5516507903672969,0.6477139115361119,0.0,0.1,100.0,64,100,100,0.3,True
