exp_score,nov_score,beta,learning_rate,mb_size,num_epochs,num_output,prop_negative,shuffled
0.6163114078786153,0.5850229118701593,0.0,0.1,64,50,,,False
0.5984114384564555,0.5850229118701593,0.0,0.1,64,50,,,True
