exp_score,nov_score,beta,learning_rate,margin,mb_size,num_epochs,num_output,prop_negative,shuffled
0.5004409347817392,0.5441499615548913,0.0,0.1,50.0,64,100,100,0.3,False
0.5005611897222131,0.5441499615548913,0.0,0.1,100.0,64,100,100,0.3,False
0.5004810197618972,0.5441499615548913,0.0,0.1,50.0,64,100,100,0.3,True
0.5003006373511865,0.5441499615548913,0.0,0.1,100.0,64,100,100,0.3,True
