exp_score,nov_score,beta,learning_rate,mb_size,num_epochs,num_output,prop_negative,shuffled
0.6595269407490785,0.5477870627784496,0.0,0.1,64,50,,,False
0.5494196290553703,0.5477870627784496,0.0,0.1,64,50,,,True
