exp_score,nov_score,beta,learning_rate,margin,mb_size,num_epochs,num_output,prop_negative,shuffled
0.5935577738844042,0.5958277210212838,0.0,0.1,50.0,64,100,100,0.3,False
0.5859016595447912,0.5958277210212838,0.0,0.1,100.0,64,100,100,0.3,False
0.5831526888817795,0.5958277210212838,0.0,0.1,50.0,64,100,100,0.3,True
0.5825497341735474,0.5958277210212838,0.0,0.1,100.0,64,100,100,0.3,True
