exp_score,nov_score,beta,learning_rate,margin,mb_size,num_epochs,num_output,prop_negative,shuffled
0.6702328937347481,0.500000000000002,0.0,0.1,50.0,64,100,100,0.3,False
0.6082968620749186,0.500000000000002,0.0,0.1,100.0,64,100,100,0.3,False
0.5052438442225137,0.500000000000002,0.0,0.1,50.0,64,100,100,0.3,True
0.500581232212292,0.500000000000002,0.0,0.1,100.0,64,100,100,0.3,True
