exp_score,nov_score,beta,learning_rate,margin,mb_size,num_epochs,num_output,prop_negative,shuffled
0.7502449832407816,0.7017835406944289,0.0,0.1,50.0,64,100,100,0.3,False
0.7373563834187786,0.7017835406944289,0.0,0.1,100.0,64,100,100,0.3,False
0.6169189327736109,0.7017835406944289,0.0,0.1,50.0,64,100,100,0.3,True
0.621735082716198,0.7017835406944289,0.0,0.1,100.0,64,100,100,0.3,True
