exp_score,nov_score,beta,learning_rate,margin,mb_size,num_epochs,num_output,prop_negative,shuffled
0.748607402433205,0.6985961584987525,0.0,0.1,50.0,64,100,100,0.3,False
0.7339965696877291,0.6985961584987525,0.0,0.1,100.0,64,100,100,0.3,False
0.6145363828916327,0.6985961584987525,0.0,0.1,50.0,64,100,100,0.3,True
0.6239432786787928,0.6985961584987525,0.0,0.1,100.0,64,100,100,0.3,True
