exp_score,nov_score,beta,learning_rate,margin,mb_size,num_epochs,num_output,prop_negative,shuffled
0.5151964127111057,0.5250765295460902,0.0,0.1,50.0,64,100,100,0.3,False
0.5093872466648658,0.5250765295460902,0.0,0.1,100.0,64,100,100,0.3,False
0.5000544314150215,0.5250765295460902,0.0,0.1,50.0,64,100,100,0.3,True
0.5000000000000285,0.5250765295460902,0.0,0.1,100.0,64,100,100,0.3,True
