exp_score,nov_score,beta,learning_rate,mb_size,num_epochs,num_output,prop_negative,shuffled
0.6276773250068074,0.5002817144896975,0.0,0.1,64,50,,,False
0.5883082131589342,0.5002817144896975,0.0,0.1,64,50,,,True
