exp_score,nov_score,beta,learning_rate,mb_size,num_epochs,num_output,prop_negative,shuffled
0.5000981971012223,0.5000130929468302,0.0,0.1,64,50,,,False
0.5002291265695177,0.5000130929468302,0.0,0.1,64,50,,,True
