exp_score,nov_score,beta,learning_rate,mb_size,num_epochs,num_output,prop_negative,shuffled
0.6680448697246097,0.5661757221605586,0.0,0.1,64,50,,,False
0.567782355068122,0.5661757221605586,0.0,0.1,64,50,,,True
