exp_score,nov_score,beta,learning_rate,mb_size,num_epochs,num_output,prop_negative,shuffled
0.6815809796481596,0.6647304614672545,0.0,0.1,64,50,,,False
0.6731993584911136,0.6647304614672545,0.0,0.1,64,50,,,True
