exp_score,nov_score,beta,learning_rate,margin,mb_size,num_epochs,num_output,prop_negative,shuffled
0.5127029302120557,0.500000000000002,0.0,0.1,50.0,64,100,100,0.3,False
0.5140038700226349,0.500000000000002,0.0,0.1,100.0,64,100,100,0.3,False
0.5007616146230027,0.500000000000002,0.0,0.1,50.0,64,100,100,0.3,True
0.503229027356179,0.500000000000002,0.0,0.1,100.0,64,100,100,0.3,True
