exp_score,nov_score,beta,learning_rate,margin,mb_size,num_epochs,num_output,prop_negative,shuffled
0.5403549732376174,0.5532033401778879,0.0,0.1,50.0,64,100,100,0.3,False
0.5396547819009625,0.5532033401778879,0.0,0.1,100.0,64,100,100,0.3,False
0.5354151701961938,0.5532033401778879,0.0,0.1,50.0,64,100,100,0.3,True
0.5366570325535351,0.5532033401778879,0.0,0.1,100.0,64,100,100,0.3,True
