exp_score,nov_score,beta,learning_rate,mb_size,num_epochs,num_output,prop_negative,shuffled
0.562072149691387,0.5106387733156548,0.0,0.1,64,50,,,False
0.5048056213940473,0.5106387733156548,0.0,0.1,64,50,,,True
