exp_score,nov_score,beta,learning_rate,mb_size,num_epochs,num_output,prop_negative,shuffled
0.5708442826811668,0.5107749969611833,0.0,0.1,64,50,,,False
0.5120089819586168,0.5107749969611833,0.0,0.1,64,50,,,True
