exp_score,nov_score,beta,learning_rate,margin,mb_size,num_epochs,num_output,prop_negative,shuffled
0.5797801673283709,0.5524307389934207,0.0,0.1,50.0,64,100,100,0.3,False
0.5299093154230693,0.5524307389934207,0.0,0.1,100.0,64,100,100,0.3,False
0.5333510023790408,0.5524307389934207,0.0,0.1,50.0,64,100,100,0.3,True
0.5350570036226012,0.5524307389934207,0.0,0.1,100.0,64,100,100,0.3,True
