exp_score,nov_score,beta,learning_rate,margin,mb_size,num_epochs,num_output,prop_negative,shuffled
0.5803540867310838,0.5524307389934207,0.0,0.1,50.0,64,100,100,0.3,False
0.5377805388858613,0.5524307389934207,0.0,0.1,100.0,64,100,100,0.3,False
0.5334073615594616,0.5524307389934207,0.0,0.1,50.0,64,100,100,0.3,True
0.5292050912346304,0.5524307389934207,0.0,0.1,100.0,64,100,100,0.3,True
