exp_score,nov_score,beta,learning_rate,margin,mb_size,num_epochs,num_output,prop_negative,shuffled
0.5352716413681837,0.6105078951413632,0.0,0.1,50.0,64,100,100,0.3,False
0.5368779180405938,0.6105078951413632,0.0,0.1,100.0,64,100,100,0.3,False
0.532258250260016,0.6105078951413632,0.0,0.1,50.0,64,100,100,0.3,True
0.5316034051221429,0.6105078951413632,0.0,0.1,100.0,64,100,100,0.3,True
