exp_score,nov_score,beta,learning_rate,margin,mb_size,num_epochs,num_output,prop_negative,shuffled
0.5354672191659561,0.6132418074020607,0.0,0.1,50.0,64,100,100,0.3,False
0.536981814927011,0.6132418074020607,0.0,0.1,100.0,64,100,100,0.3,False
0.5300680136909008,0.6132418074020607,0.0,0.1,50.0,64,100,100,0.3,True
0.5319401535271491,0.6132418074020607,0.0,0.1,100.0,64,100,100,0.3,True
