exp_score,nov_score,beta,learning_rate,margin,mb_size,num_epochs,num_output,prop_negative,shuffled
0.5049343726270713,0.5105450488871599,0.0,0.1,50.0,64,100,100,0.3,False
0.5057535168899843,0.5105450488871599,0.0,0.1,100.0,64,100,100,0.3,False
0.5044685473931128,0.5105450488871599,0.0,0.1,50.0,64,100,100,0.3,True
0.5051129354489688,0.5105450488871599,0.0,0.1,100.0,64,100,100,0.3,True
