exp_score,nov_score,beta,learning_rate,margin,mb_size,num_epochs,num_output,prop_negative,shuffled
0.5060874843925115,0.5105450488871599,0.0,0.1,50.0,64,100,100,0.3,False
0.5047565540946516,0.5105450488871599,0.0,0.1,100.0,64,100,100,0.3,False
0.5020107480140381,0.5105450488871599,0.0,0.1,50.0,64,100,100,0.3,True
0.5028176503813608,0.5105450488871599,0.0,0.1,100.0,64,100,100,0.3,True
