exp_score,nov_score,beta,learning_rate,mb_size,num_epochs,num_output,prop_negative,shuffled
0.6759087473373508,0.6564625850340391,0.0,0.1,64,50,,,False
0.658043015185908,0.6564625850340391,0.0,0.1,64,50,,,True
