exp_score,nov_score,beta,learning_rate,margin,mb_size,num_epochs,num_output,prop_negative,shuffled
0.5686011398022324,0.6358352498742501,0.0,0.1,50.0,64,500,256,0.5,False
0.5705388085421479,0.6358352498742501,0.0,0.1,100.0,64,500,256,0.5,False
0.5588378744832371,0.6358352498742501,0.0,0.1,50.0,64,500,256,0.5,True
0.5728438967978071,0.6358352498742501,0.0,0.1,100.0,64,500,256,0.5,True
