exp_score,nov_score,beta,learning_rate,margin,mb_size,num_epochs,num_output,prop_negative,shuffled
0.569613487389591,0.6223694175855063,0.0,0.1,50.0,64,500,256,0.5,False
0.5684215334380371,0.6223694175855063,0.0,0.1,100.0,64,500,256,0.5,False
0.5597643541488504,0.6223694175855063,0.0,0.1,50.0,64,500,256,0.5,True
0.5691853635141216,0.6223694175855063,0.0,0.1,100.0,64,500,256,0.5,True
