exp_score,nov_score,beta,learning_rate,mb_size,num_epochs,num_output,prop_negative,shuffled
0.5576886971807322,0.5185513039801226,0.0,0.1,64,50,,,False
0.5210510137724425,0.5185513039801226,0.0,0.1,64,50,,,True
