exp_score,nov_score,beta,learning_rate,mb_size,num_epochs,num_output,prop_negative,shuffled
0.6893203422847762,0.5776247980796292,0.0,0.1,64,50,,,False
0.6275746086223349,0.5776247980796292,0.0,0.1,64,50,,,True
