exp_score,nov_score,beta,learning_rate,margin,mb_size,num_epochs,num_output,prop_negative,shuffled
0.5983406315034873,0.632812199913946,0.0,0.1,50.0,64,100,100,0.3,False
0.5873181922469031,0.632812199913946,0.0,0.1,100.0,64,100,100,0.3,False
0.5470743679153435,0.632812199913946,0.0,0.1,50.0,64,100,100,0.3,True
0.555428381357768,0.632812199913946,0.0,0.1,100.0,64,100,100,0.3,True
