exp_score,nov_score,beta,learning_rate,margin,mb_size,num_epochs,num_output,prop_negative,shuffled
0.5151858723287579,0.5611557754415177,0.0,0.1,50.0,64,100,100,0.3,False
0.519171304885618,0.5611557754415177,0.0,0.1,100.0,64,100,100,0.3,False
0.5209235209235495,0.5611557754415177,0.0,0.1,50.0,64,100,100,0.3,True
0.5127465127465338,0.5611557754415177,0.0,0.1,100.0,64,100,100,0.3,True
