exp_score,nov_score,beta,learning_rate,mb_size,num_epochs,num_output,prop_negative,shuffled
0.6598865682064785,0.6499527216661031,0.0,0.1,64,50,,,False
0.6497553743746194,0.6499527216661031,0.0,0.1,64,50,,,True
