exp_score,nov_score,beta,learning_rate,mb_size,num_epochs,num_output,prop_negative,shuffled
0.797941472671323,0.6814606799222196,0.0,0.1,64,50,,,False
0.6824546535269123,0.6814606799222196,0.0,0.1,64,50,,,True
