exp_score,nov_score,beta,learning_rate,margin,mb_size,num_epochs,num_output,prop_negative,shuffled
0.5007041960055172,0.5043194924872063,0.0,0.1,50.0,64,100,100,0.3,False
0.5014699323344431,0.5043194924872063,0.0,0.1,100.0,64,100,100,0.3,False
0.5002487538332482,0.5043194924872063,0.0,0.1,50.0,64,100,100,0.3,True
0.5009102755423611,0.5043194924872063,0.0,0.1,100.0,64,100,100,0.3,True
