exp_score,nov_score,beta,learning_rate,margin,mb_size,num_epochs,num_output,prop_negative,shuffled
0.5704460729474164,0.5294639180517802,0.0,0.1,50.0,64,100,100,0.3,False
0.5693809057019485,0.5294639180517802,0.0,0.1,100.0,64,100,100,0.3,False
0.5717379025352278,0.5294639180517802,0.0,0.1,50.0,64,100,100,0.3,True
0.5572916400952189,0.5294639180517802,0.0,0.1,100.0,64,100,100,0.3,True
