exp_score,nov_score,beta,learning_rate,mb_size,num_epochs,num_output,prop_negative,shuffled
0.6896062730618677,0.6367239891856838,0.0,0.1,64,50,,,False
0.6367602503618419,0.6367239891856838,0.0,0.1,64,50,,,True
