exp_score,nov_score,beta,learning_rate,margin,mb_size,num_epochs,num_output,prop_negative,shuffled
0.5632737296445018,0.5512130037399374,0.0,0.1,50.0,64,100,100,0.3,False
0.5472708800748401,0.5512130037399374,0.0,0.1,100.0,64,100,100,0.3,False
0.5084498591952473,0.5512130037399374,0.0,0.1,50.0,64,100,100,0.3,True
0.5089284336265797,0.5512130037399374,0.0,0.1,100.0,64,100,100,0.3,True
