exp_score,nov_score,beta,learning_rate,mb_size,num_epochs,num_output,prop_negative,shuffled
0.9352637847517699,0.5480863258487547,0.0,0.1,64,50,,,False
0.5586504775908947,0.5480863258487547,0.0,0.1,64,50,,,True
