exp_score,nov_score,beta,learning_rate,margin,mb_size,num_epochs,num_output,prop_negative,shuffled
0.5000000000000699,0.5003585783680281,0.0,0.1,50.0,64,100,100,0.3,False
0.5002069842611815,0.5003585783680281,0.0,0.1,100.0,64,100,100,0.3,False
0.500581232212292,0.5003585783680281,0.0,0.1,50.0,64,100,100,0.3,True
0.5000200424900809,0.5003585783680281,0.0,0.1,100.0,64,100,100,0.3,True
