exp_score,nov_score,beta,learning_rate,mb_size,num_epochs,num_output,prop_negative,shuffled
0.6683944141536163,0.5314079484922959,0.0,0.1,64,50,,,False
0.5468105731542621,0.5314079484922959,0.0,0.1,64,50,,,True
