exp_score,nov_score,beta,learning_rate,margin,mb_size,num_epochs,num_output,prop_negative,shuffled
0.5957090035590014,0.6568100214748728,0.0,0.1,50.0,64,100,100,0.3,False
0.6038199791937673,0.6568100214748728,0.0,0.1,100.0,64,100,100,0.3,False
0.5827330760485468,0.6568100214748728,0.0,0.1,50.0,64,100,100,0.3,True
0.6015046155892686,0.6568100214748728,0.0,0.1,100.0,64,100,100,0.3,True
