exp_score,nov_score,beta,learning_rate,margin,mb_size,num_epochs,num_output,prop_negative,shuffled
0.594372416002462,0.6538728656336557,0.0,0.1,50.0,64,100,100,0.3,False
0.6037899768752593,0.6538728656336557,0.0,0.1,100.0,64,100,100,0.3,False
0.5875770310896106,0.6538728656336557,0.0,0.1,50.0,64,100,100,0.3,True
0.59911918843088,0.6538728656336557,0.0,0.1,100.0,64,100,100,0.3,True
