exp_score,nov_score,beta,learning_rate,mb_size,num_epochs,num_output,prop_negative,shuffled
0.7947502233216743,0.7524565381708483,0.0,0.1,64,50,,,False
0.7509448223734202,0.7524565381708483,0.0,0.1,64,50,,,True
