exp_score,nov_score,beta,learning_rate,mb_size,num_epochs,num_output,prop_negative,shuffled
0.5588906348654521,0.5348474921301949,0.0,0.1,64,50,,,False
0.5429047765287156,0.5348474921301949,0.0,0.1,64,50,,,True
