exp_score,nov_score,beta,learning_rate,mb_size,num_epochs,num_output,prop_negative,shuffled
0.5173018477560346,0.5005402416696357,0.0,0.1,64,50,,,False
0.503204582354229,0.5005402416696357,0.0,0.1,64,50,,,True
