exp_score,nov_score,beta,learning_rate,mb_size,num_epochs,num_output,prop_negative,shuffled
0.6682728808085627,0.6304585073847351,0.0,0.1,64,50,,,False
0.6245455251366507,0.6304585073847351,0.0,0.1,64,50,,,True
