exp_score,nov_score,beta,learning_rate,margin,mb_size,num_epochs,num_output,prop_negative,shuffled
0.5456564279910061,0.6018847228852668,0.0,0.1,50.0,64,100,100,0.3,False
0.542200009474661,0.6018847228852668,0.0,0.1,100.0,64,100,100,0.3,False
0.5527230455839381,0.6018847228852668,0.0,0.1,50.0,64,100,100,0.3,True
0.5360888720451296,0.6018847228852668,0.0,0.1,100.0,64,100,100,0.3,True
