exp_score,nov_score,beta,learning_rate,margin,mb_size,num_epochs,num_output,prop_negative,shuffled
0.5367415284038823,0.6018847228852668,0.0,0.1,50.0,64,100,100,0.3,False
0.5419995845738712,0.6018847228852668,0.0,0.1,100.0,64,100,100,0.3,False
0.5239467671463824,0.6018847228852668,0.0,0.1,50.0,64,100,100,0.3,True
0.5509141197520853,0.6018847228852668,0.0,0.1,100.0,64,100,100,0.3,True
