exp_score,nov_score,beta,learning_rate,mb_size,num_epochs,num_output,prop_negative,shuffled
0.6707366483211168,0.5386756848721211,0.0,0.1,64,50,,,False
0.6064606269658654,0.5386756848721211,0.0,0.1,64,50,,,True
