exp_score,nov_score,beta,learning_rate,margin,mb_size,num_epochs,num_output,prop_negative,shuffled
0.6758170958796508,0.6132469927154878,0.0,0.1,50.0,64,100,100,0.3,False
0.5902422226028501,0.6132469927154878,0.0,0.1,100.0,64,100,100,0.3,False
0.5713366883247284,0.6132469927154878,0.0,0.1,50.0,64,100,100,0.3,True
0.569408236370221,0.6132469927154878,0.0,0.1,100.0,64,100,100,0.3,True
