exp_score,nov_score,beta,learning_rate,mb_size,num_epochs,num_output,prop_negative,shuffled
0.569538004886217,0.5541836597836773,0.0,0.1,64,50,,,False
0.5630507138478011,0.5541836597836773,0.0,0.1,64,50,,,True
