exp_score,nov_score,beta,learning_rate,mb_size,num_epochs,num_output,prop_negative,shuffled
0.5500608330778928,0.5396180527315471,0.0,0.1,64,50,,,False
0.5427536493981588,0.5396180527315471,0.0,0.1,64,50,,,True
