exp_score,nov_score,beta,learning_rate,mb_size,num_epochs,num_output,prop_negative,shuffled
0.6639207666494383,0.5099670424130764,0.0,0.1,64,50,,,False
0.5324091285816651,0.5099670424130764,0.0,0.1,64,50,,,True
