exp_score,nov_score,beta,learning_rate,margin,mb_size,num_epochs,num_output,prop_negative,shuffled
0.5395349907443012,0.6007764546326949,0.0,0.1,50.0,64,100,100,0.3,False
0.5369308662756387,0.6007764546326949,0.0,0.1,100.0,64,100,100,0.3,False
0.5336058104287478,0.6007764546326949,0.0,0.1,50.0,64,100,100,0.3,True
0.5364303334532432,0.6007764546326949,0.0,0.1,100.0,64,100,100,0.3,True
