exp_score,nov_score,beta,learning_rate,margin,mb_size,num_epochs,num_output,prop_negative,shuffled
0.5356790676501255,0.5976600886683584,0.0,0.1,50.0,64,100,100,0.3,False
0.5375807939188519,0.5976600886683584,0.0,0.1,100.0,64,100,100,0.3,False
0.5304962356430298,0.5976600886683584,0.0,0.1,50.0,64,100,100,0.3,True
0.5345814332227812,0.5976600886683584,0.0,0.1,100.0,64,100,100,0.3,True
