exp_score,nov_score,beta,learning_rate,margin,mb_size,num_epochs,num_output,prop_negative,shuffled
0.5352783177558886,0.5167011597318756,0.0,0.1,50.0,64,100,100,0.3,False
0.5364552690022173,0.5167011597318756,0.0,0.1,100.0,64,100,100,0.3,False
0.5348394906044337,0.5167011597318756,0.0,0.1,50.0,64,100,100,0.3,True
0.5343635674729328,0.5167011597318756,0.0,0.1,100.0,64,100,100,0.3,True
