exp_score,nov_score,beta,learning_rate,margin,mb_size,num_epochs,num_output,prop_negative,shuffled
0.5307759555865259,0.5029967500498393,0.0,0.1,50.0,64,100,100,0.3,False
0.5116162259926503,0.5029967500498393,0.0,0.1,100.0,64,100,100,0.3,False
0.5013214188056766,0.5029967500498393,0.0,0.1,50.0,64,100,100,0.3,True
0.509175565427787,0.5029967500498393,0.0,0.1,100.0,64,100,100,0.3,True
