exp_score,nov_score,beta,learning_rate,margin,mb_size,num_epochs,num_output,prop_negative,shuffled
0.5762797015831853,0.5685361862527938,0.0,0.1,50.0,64,100,100,0.3,False
0.5792280834196416,0.5685361862527938,0.0,0.1,100.0,64,100,100,0.3,False
0.5650770899164703,0.5685361862527938,0.0,0.1,50.0,64,100,100,0.3,True
0.568086670150934,0.5685361862527938,0.0,0.1,100.0,64,100,100,0.3,True
