exp_score,nov_score,beta,learning_rate,margin,mb_size,num_epochs,num_output,prop_negative,shuffled
0.5877447522816583,0.5683956718982515,0.0,0.1,50.0,64,100,100,0.3,False
0.5778754040746973,0.5683956718982515,0.0,0.1,100.0,64,100,100,0.3,False
0.5695248029966625,0.5683956718982515,0.0,0.1,50.0,64,100,100,0.3,True
0.5703284081901581,0.5683956718982515,0.0,0.1,100.0,64,100,100,0.3,True
