exp_score,nov_score,beta,learning_rate,mb_size,num_epochs,num_output,prop_negative,shuffled
0.6480343339331679,0.6364380182254785,0.0,0.1,64,50,,,False
0.6360994501623094,0.6364380182254785,0.0,0.1,64,50,,,True
