exp_score,nov_score,beta,learning_rate,margin,mb_size,num_epochs,num_output,prop_negative,shuffled
0.5484537578048954,0.6149400267098819,0.0,0.1,50.0,64,100,100,0.3,False
0.5487301935754847,0.6149400267098819,0.0,0.1,100.0,64,100,100,0.3,False
0.5425449040522576,0.6149400267098819,0.0,0.1,50.0,64,100,100,0.3,True
0.5472690732691209,0.6149400267098819,0.0,0.1,100.0,64,100,100,0.3,True
