exp_score,nov_score,beta,learning_rate,margin,mb_size,num_epochs,num_output,prop_negative,shuffled
0.7443351646821317,0.7067558664300687,0.0,0.1,50.0,64,100,100,0.3,False
0.6522961969415454,0.7067558664300687,0.0,0.1,100.0,64,100,100,0.3,False
0.6183555181952609,0.7067558664300687,0.0,0.1,50.0,64,100,100,0.3,True
0.602536883100111,0.7067558664300687,0.0,0.1,100.0,64,100,100,0.3,True
