exp_score,nov_score,beta,learning_rate,mb_size,num_epochs,num_output,prop_negative,shuffled
0.5656857313864374,0.5565370524826345,0.0,0.1,64,50,,,False
0.5601828885258332,0.5565370524826345,0.0,0.1,64,50,,,True
