exp_score,nov_score,beta,learning_rate,margin,mb_size,num_epochs,num_output,prop_negative,shuffled
0.6865288342183635,0.6946210180802503,0.0,0.1,50.0,64,500,256,0.5,False
0.6832950444879089,0.6946210180802503,0.0,0.1,100.0,64,500,256,0.5,False
0.5428665163214822,0.6946210180802503,0.0,0.1,50.0,64,500,256,0.5,True
0.5597333720843873,0.6946210180802503,0.0,0.1,100.0,64,500,256,0.5,True
