exp_score,nov_score,beta,learning_rate,margin,mb_size,num_epochs,num_output,prop_negative,shuffled
0.6865238978969102,0.6936608758254497,0.0,0.1,50.0,64,500,256,0.5,False
0.6832259359875632,0.6936608758254497,0.0,0.1,100.0,64,500,256,0.5,False
0.5448824212601328,0.6936608758254497,0.0,0.1,50.0,64,500,256,0.5,True
0.5604383231593406,0.6936608758254497,0.0,0.1,100.0,64,500,256,0.5,True
