exp_score,nov_score,beta,learning_rate,mb_size,num_epochs,num_output,prop_negative,shuffled
0.7525817848284986,0.5813664590474975,0.0,0.1,64,50,,,False
0.5813664590474975,0.5813664590474975,0.0,0.1,64,50,,,True
