exp_score,nov_score,beta,learning_rate,mb_size,num_epochs,num_output,prop_negative,shuffled
0.5635538133707715,0.5128334217460843,0.0,0.1,64,50,,,False
0.5211342547078192,0.5128334217460843,0.0,0.1,64,50,,,True
