exp_score,nov_score,beta,learning_rate,margin,mb_size,num_epochs,num_output,prop_negative,shuffled
0.5733864064269789,0.6079054727499034,0.0,0.1,50.0,64,100,100,0.3,False
0.5766981192568797,0.6079054727499034,0.0,0.1,100.0,64,100,100,0.3,False
0.5654382272304753,0.6079054727499034,0.0,0.1,50.0,64,100,100,0.3,True
0.5711194323348208,0.6079054727499034,0.0,0.1,100.0,64,100,100,0.3,True
