exp_score,nov_score,beta,learning_rate,margin,mb_size,num_epochs,num_output,prop_negative,shuffled
0.6450821195480119,0.5826829241628871,0.0,0.1,50.0,64,100,100,0.3,False
0.5701191981546572,0.5826829241628871,0.0,0.1,100.0,64,100,100,0.3,False
0.5042398976739804,0.5826829241628871,0.0,0.1,50.0,64,100,100,0.3,True
0.50262775265381,0.5826829241628871,0.0,0.1,100.0,64,100,100,0.3,True
