exp_score,nov_score,beta,learning_rate,margin,mb_size,num_epochs,num_output,prop_negative,shuffled
0.645192171038994,0.5826829241628871,0.0,0.1,50.0,64,100,100,0.3,False
0.5679939653884674,0.5826829241628871,0.0,0.1,100.0,64,100,100,0.3,False
0.5027680500843628,0.5826829241628871,0.0,0.1,50.0,64,100,100,0.3,True
0.5023449713392412,0.5826829241628871,0.0,0.1,100.0,64,100,100,0.3,True
