exp_score,nov_score,beta,learning_rate,margin,mb_size,num_epochs,num_output,prop_negative,shuffled
0.6195411253511881,0.6313586288624102,0.0,0.1,50.0,64,500,256,0.5,False
0.6034497893259131,0.6313586288624102,0.0,0.1,100.0,64,500,256,0.5,False
0.5482191450141194,0.6313586288624102,0.0,0.1,50.0,64,500,256,0.5,True
0.5544022120786745,0.6313586288624102,0.0,0.1,100.0,64,500,256,0.5,True
