exp_score,nov_score,beta,learning_rate,margin,mb_size,num_epochs,num_output,prop_negative,shuffled
0.6228713132023111,0.6330648700843214,0.0,0.1,50.0,64,500,256,0.5,False
0.6037295909410796,0.6330648700843214,0.0,0.1,100.0,64,500,256,0.5,False
0.5531897384129953,0.6330648700843214,0.0,0.1,50.0,64,500,256,0.5,True
0.5537383690309214,0.6330648700843214,0.0,0.1,100.0,64,500,256,0.5,True
