exp_score,nov_score,beta,learning_rate,margin,mb_size,num_epochs,num_output,prop_negative,shuffled
0.621828915028154,0.6287142292837596,0.0,0.1,50.0,64,500,256,0.5,False
0.6026048981742258,0.6287142292837596,0.0,0.1,100.0,64,500,256,0.5,False
0.5513243943118735,0.6287142292837596,0.0,0.1,50.0,64,500,256,0.5,True
0.5526301351826071,0.6287142292837596,0.0,0.1,100.0,64,500,256,0.5,True
