exp_score,nov_score,beta,learning_rate,mb_size,num_epochs,num_output,prop_negative,shuffled
0.5395164376211314,0.5092375946499227,0.0,0.1,64,50,,,False
0.5195672975112287,0.5092375946499227,0.0,0.1,64,50,,,True
