exp_score,nov_score,beta,learning_rate,mb_size,num_epochs,num_output,prop_negative,shuffled
0.7839922724335318,0.7015193102470163,0.0,0.1,64,50,,,False
0.697729121608675,0.7015193102470163,0.0,0.1,64,50,,,True
