exp_score,nov_score,beta,learning_rate,mb_size,num_epochs,num_output,prop_negative,shuffled
0.8607356509723383,0.6495673404592819,0.0,0.1,64,50,,,False
0.6499552312747872,0.6495673404592819,0.0,0.1,64,50,,,True
