exp_score,nov_score,beta,learning_rate,mb_size,num_epochs,num_output,prop_negative,shuffled
0.6627589907050476,0.5619687038881124,0.0,0.1,64,50,,,False
0.5700289709003861,0.5619687038881124,0.0,0.1,64,50,,,True
