exp_score,nov_score,beta,learning_rate,margin,mb_size,num_epochs,num_output,prop_negative,shuffled
0.5489752469904419,0.6034620326486294,0.0,0.1,50.0,64,500,256,0.5,False
0.5496016194610327,0.6034620326486294,0.0,0.1,100.0,64,500,256,0.5,False
0.5503755673413195,0.6034620326486294,0.0,0.1,50.0,64,500,256,0.5,True
0.5493046054285219,0.6034620326486294,0.0,0.1,100.0,64,500,256,0.5,True
