exp_score,nov_score,beta,learning_rate,margin,mb_size,num_epochs,num_output,prop_negative,shuffled
0.5488178237484291,0.6024619337237851,0.0,0.1,50.0,64,500,256,0.5,False
0.550220608087031,0.6024619337237851,0.0,0.1,100.0,64,500,256,0.5,False
0.5518398377129469,0.6024619337237851,0.0,0.1,50.0,64,500,256,0.5,True
0.5492182156645518,0.6024619337237851,0.0,0.1,100.0,64,500,256,0.5,True
