exp_score,nov_score,beta,learning_rate,margin,mb_size,num_epochs,num_output,prop_negative,shuffled
0.5489582588708002,0.6024528733933096,0.0,0.1,50.0,64,500,256,0.5,False
0.5500245972547391,0.6024528733933096,0.0,0.1,100.0,64,500,256,0.5,False
0.5496569962658483,0.6024528733933096,0.0,0.1,50.0,64,500,256,0.5,True
0.5495118604881502,0.6024528733933096,0.0,0.1,100.0,64,500,256,0.5,True
