exp_score,nov_score,beta,learning_rate,mb_size,num_epochs,num_output,prop_negative,shuffled
0.7220292152498133,0.6641602662675583,0.0,0.1,64,50,,,False
0.6634911815094875,0.6641602662675583,0.0,0.1,64,50,,,True
