exp_score,nov_score,beta,learning_rate,margin,mb_size,num_epochs,num_output,prop_negative,shuffled
0.6761849392128081,0.6239499408523197,0.0,0.1,50.0,64,100,100,0.3,False
0.6331820038536016,0.6239499408523197,0.0,0.1,100.0,64,100,100,0.3,False
0.5776954898901553,0.6239499408523197,0.0,0.1,50.0,64,100,100,0.3,True
0.5761857820002985,0.6239499408523197,0.0,0.1,100.0,64,100,100,0.3,True
