exp_score,nov_score,beta,learning_rate,margin,mb_size,num_epochs,num_output,prop_negative,shuffled
0.5984052790213428,0.6117677860967532,0.0,0.1,50.0,64,100,100,0.3,False
0.593885285199436,0.6117677860967532,0.0,0.1,100.0,64,100,100,0.3,False
0.5888220182065045,0.6117677860967532,0.0,0.1,50.0,64,100,100,0.3,True
0.5899537092495111,0.6117677860967532,0.0,0.1,100.0,64,100,100,0.3,True
