exp_score,nov_score,beta,learning_rate,margin,mb_size,num_epochs,num_output,prop_negative,shuffled
0.5996293597573661,0.6087800251696789,0.0,0.1,50.0,64,100,100,0.3,False
0.5908443522349233,0.6087800251696789,0.0,0.1,100.0,64,100,100,0.3,False
0.5889198048904165,0.6087800251696789,0.0,0.1,50.0,64,100,100,0.3,True
0.5897142401963398,0.6087800251696789,0.0,0.1,100.0,64,100,100,0.3,True
