exp_score,nov_score,beta,learning_rate,margin,mb_size,num_epochs,num_output,prop_negative,shuffled
0.520028835744127,0.5123431152703188,0.0,0.1,50.0,64,100,100,0.3,False
0.5091256060266955,0.5123431152703188,0.0,0.1,100.0,64,100,100,0.3,False
0.5088957626835302,0.5123431152703188,0.0,0.1,50.0,64,100,100,0.3,True
0.5216242292102982,0.5123431152703188,0.0,0.1,100.0,64,100,100,0.3,True
