exp_score,nov_score,beta,learning_rate,mb_size,num_epochs,num_output,prop_negative,shuffled
0.5578169563041584,0.5000000000000007,0.0,0.1,64,50,,,False
0.5032439241398723,0.5000000000000007,0.0,0.1,64,50,,,True
