exp_score,nov_score,beta,learning_rate,mb_size,num_epochs,num_output,prop_negative,shuffled
0.7105081802582282,0.5986786949810534,0.0,0.1,64,50,,,False
0.5986983344012977,0.5986786949810534,0.0,0.1,64,50,,,True
