exp_score,nov_score,beta,learning_rate,margin,mb_size,num_epochs,num_output,prop_negative,shuffled
0.5177934725423505,0.590074668248376,0.0,0.1,50.0,64,100,100,0.3,False
0.5171421922519751,0.590074668248376,0.0,0.1,100.0,64,100,100,0.3,False
0.51732569212821,0.590074668248376,0.0,0.1,50.0,64,100,100,0.3,True
0.5198970343870263,0.590074668248376,0.0,0.1,100.0,64,100,100,0.3,True
