exp_score,nov_score,beta,learning_rate,mb_size,num_epochs,num_output,prop_negative,shuffled
0.7374257225124861,0.5942757943948057,0.0,0.1,64,50,,,False
0.5856867698122636,0.5942757943948057,0.0,0.1,64,50,,,True
