exp_score,nov_score,beta,learning_rate,margin,mb_size,num_epochs,num_output,prop_negative,shuffled
0.5011502584142207,0.5876901045318552,0.0,0.1,50.0,64,100,100,0.3,False
0.5034501260793274,0.5876901045318552,0.0,0.1,100.0,64,100,100,0.3,False
0.5017332661036193,0.5876901045318552,0.0,0.1,50.0,64,100,100,0.3,True
0.507029966795892,0.5876901045318552,0.0,0.1,100.0,64,100,100,0.3,True
