exp_score,nov_score,beta,learning_rate,mb_size,num_epochs,num_output,prop_negative,shuffled
0.701525914953758,0.6526676748915972,0.0,0.1,64,50,,,False
0.6538076284346765,0.6526676748915972,0.0,0.1,64,50,,,True
