exp_score,nov_score,beta,learning_rate,mb_size,num_epochs,num_output,prop_negative,shuffled
0.7376619690749786,0.6966073933412673,0.0,0.1,64,50,,,False
0.6966038013466924,0.6966073933412673,0.0,0.1,64,50,,,True
