exp_score,nov_score,beta,learning_rate,mb_size,num_epochs,num_output,prop_negative,shuffled
0.8578512636270278,0.7474801295905982,0.0,0.1,64,50,,,False
0.7374302982437284,0.7474801295905982,0.0,0.1,64,50,,,True
