exp_score,nov_score,beta,learning_rate,margin,mb_size,num_epochs,num_output,prop_negative,shuffled
0.6108244563198324,0.5920893664213378,0.0,0.1,50.0,64,100,100,0.3,False
0.5511970925980998,0.5920893664213378,0.0,0.1,100.0,64,100,100,0.3,False
0.5141540622753435,0.5920893664213378,0.0,0.1,50.0,64,100,100,0.3,True
0.5090400715543851,0.5920893664213378,0.0,0.1,100.0,64,100,100,0.3,True
