exp_score,nov_score,beta,learning_rate,margin,mb_size,num_epochs,num_output,prop_negative,shuffled
0.6116892008964911,0.5964076599385579,0.0,0.1,50.0,64,100,100,0.3,False
0.5558561968660147,0.5964076599385579,0.0,0.1,100.0,64,100,100,0.3,False
0.5299502717280227,0.5964076599385579,0.0,0.1,50.0,64,100,100,0.3,True
0.5125087282961934,0.5964076599385579,0.0,0.1,100.0,64,100,100,0.3,True
