exp_score,nov_score,beta,learning_rate,margin,mb_size,num_epochs,num_output,prop_negative,shuffled
0.6196624243917606,0.6615632034273309,0.0,0.1,50.0,64,100,100,0.3,False
0.6130082439613188,0.6615632034273309,0.0,0.1,100.0,64,100,100,0.3,False
0.6175076101298482,0.6615632034273309,0.0,0.1,50.0,64,100,100,0.3,True
0.6101485941095834,0.6615632034273309,0.0,0.1,100.0,64,100,100,0.3,True
