exp_score,nov_score,beta,learning_rate,mb_size,num_epochs,num_output,prop_negative,shuffled
0.8656843848681162,0.7308909223781054,0.0,0.1,64,50,,,False
0.7324731506119524,0.7308909223781054,0.0,0.1,64,50,,,True
