exp_score,nov_score,beta,learning_rate,mb_size,num_epochs,num_output,prop_negative,shuffled
0.6874517543008483,0.6740781934229503,0.0,0.1,64,50,,,False
0.6750175989726429,0.6740781934229503,0.0,0.1,64,50,,,True
