exp_score,nov_score,beta,learning_rate,margin,mb_size,num_epochs,num_output,prop_negative,shuffled
0.5262832405689768,0.65089672232534,0.0,0.1,50.0,64,100,100,0.3,False
0.5357314643028994,0.65089672232534,0.0,0.1,100.0,64,100,100,0.3,False
0.5228818800247632,0.65089672232534,0.0,0.1,50.0,64,100,100,0.3,True
0.5263519549234016,0.65089672232534,0.0,0.1,100.0,64,100,100,0.3,True
