exp_score,nov_score,beta,learning_rate,mb_size,num_epochs,num_output,prop_negative,shuffled
0.5540614865791844,0.5088350806723936,0.0,0.1,64,50,,,False
0.5185929568863448,0.5088350806723936,0.0,0.1,64,50,,,True
