exp_score,nov_score,beta,learning_rate,mb_size,num_epochs,num_output,prop_negative,shuffled
0.5670818018462057,0.5309462813735345,0.0,0.1,64,50,,,False
0.5328706100165568,0.5309462813735345,0.0,0.1,64,50,,,True
