exp_score,nov_score,beta,learning_rate,margin,mb_size,num_epochs,num_output,prop_negative,shuffled
0.5782199229048729,0.6192638676004143,0.0,0.1,50.0,64,100,100,0.3,False
0.5818976831739258,0.6192638676004143,0.0,0.1,100.0,64,100,100,0.3,False
0.5803495334407177,0.6192638676004143,0.0,0.1,50.0,64,100,100,0.3,True
0.5835409667978563,0.6192638676004143,0.0,0.1,100.0,64,100,100,0.3,True
