exp_score,nov_score,beta,learning_rate,margin,mb_size,num_epochs,num_output,prop_negative,shuffled
0.5941129740504637,0.5700761979032218,0.0,0.1,50.0,64,100,100,0.3,False
0.5044556277490442,0.5700761979032218,0.0,0.1,100.0,64,100,100,0.3,False
0.5126810656774492,0.5700761979032218,0.0,0.1,50.0,64,100,100,0.3,True
0.5002805948611075,0.5700761979032218,0.0,0.1,100.0,64,100,100,0.3,True
