exp_score,nov_score,beta,learning_rate,margin,mb_size,num_epochs,num_output,prop_negative,shuffled
0.6047264905361907,0.5919993392375764,0.0,0.1,50.0,64,500,256,0.5,False
0.5917431835710143,0.5919993392375764,0.0,0.1,100.0,64,500,256,0.5,False
0.515449558705876,0.5919993392375764,0.0,0.1,50.0,64,500,256,0.5,True
0.5177450916672421,0.5919993392375764,0.0,0.1,100.0,64,500,256,0.5,True
