exp_score,nov_score,beta,learning_rate,mb_size,num_epochs,num_output,prop_negative,shuffled
0.7129370207323891,0.5054180260700555,0.0,0.1,64,50,,,False
0.6831579212913157,0.5054180260700555,0.0,0.1,64,50,,,True
