exp_score,nov_score,beta,learning_rate,mb_size,num_epochs,num_output,prop_negative,shuffled
0.8567350424644915,0.7352445225803611,0.0,0.1,64,50,,,False
0.738643282730559,0.7352445225803611,0.0,0.1,64,50,,,True
