exp_score,nov_score,beta,learning_rate,mb_size,num_epochs,num_output,prop_negative,shuffled
0.5360899157857117,0.5106489163685495,0.0,0.1,64,50,,,False
0.5150228912181939,0.5106489163685495,0.0,0.1,64,50,,,True
