exp_score,nov_score,beta,learning_rate,margin,mb_size,num_epochs,num_output,prop_negative,shuffled
0.5332227631129972,0.5744015540262377,0.0,0.1,50.0,64,100,100,0.1,False
0.5340026443373591,0.5744015540262377,0.0,0.1,100.0,64,100,100,0.1,False
0.5310802880491415,0.5744015540262377,0.0,0.1,50.0,64,100,100,0.1,True
0.5158984821853296,0.5744015540262377,0.0,0.1,100.0,64,100,100,0.1,True
