exp_score,nov_score,beta,learning_rate,margin,mb_size,num_epochs,num_output,prop_negative,shuffled
0.5179136426855346,0.543592528128469,0.0,0.1,50.0,64,500,256,0.5,False
0.5079495031614136,0.543592528128469,0.0,0.1,100.0,64,500,256,0.5,False
0.49814324974799584,0.543592528128469,0.0,0.1,50.0,64,500,256,0.5,True
0.49857847696681834,0.543592528128469,0.0,0.1,100.0,64,500,256,0.5,True
