exp_score,nov_score,beta,learning_rate,margin,mb_size,num_epochs,num_output,prop_negative,shuffled
0.516433976323771,0.5399152494623085,0.0,0.1,50.0,64,500,256,0.5,False
0.5063073608768963,0.5399152494623085,0.0,0.1,100.0,64,500,256,0.5,False
0.4988817470880591,0.5399152494623085,0.0,0.1,50.0,64,500,256,0.5,True
0.49848510511788086,0.5399152494623085,0.0,0.1,100.0,64,500,256,0.5,True
