exp_score,nov_score,beta,learning_rate,mb_size,num_epochs,num_output,prop_negative,shuffled
0.7257143055199102,0.7125040945387837,0.0,0.1,64,50,,,False
0.7103018772704517,0.7125040945387837,0.0,0.1,64,50,,,True
