exp_score,nov_score,beta,learning_rate,mb_size,num_epochs,num_output,prop_negative,shuffled
0.7390990446963159,0.5902410672489251,0.0,0.1,64,50,,,False
0.5902410672489251,0.5902410672489251,0.0,0.1,64,50,,,True
