exp_score,nov_score,beta,learning_rate,margin,mb_size,num_epochs,num_output,prop_negative,shuffled
0.5421671784682338,0.603605942919127,0.0,0.1,50.0,64,500,256,0.5,False
0.5420317015896748,0.603605942919127,0.0,0.1,100.0,64,500,256,0.5,False
0.5405527456648218,0.603605942919127,0.0,0.1,50.0,64,500,256,0.5,True
0.5412301300578799,0.603605942919127,0.0,0.1,100.0,64,500,256,0.5,True
