exp_score,nov_score,beta,learning_rate,margin,mb_size,num_epochs,num_output,prop_negative,shuffled
0.5478121118237488,0.6144340986102144,0.0,0.1,50.0,64,100,100,0.1,False
0.5465814534888788,0.6144340986102144,0.0,0.1,100.0,64,100,100,0.1,False
0.5375890051581941,0.6144340986102144,0.0,0.1,50.0,64,100,100,0.1,True
0.5453714677091805,0.6144340986102144,0.0,0.1,100.0,64,100,100,0.1,True
