exp_score,nov_score,beta,learning_rate,margin,mb_size,num_epochs,num_output,prop_negative,shuffled
0.5423421694364419,0.6035494942197027,0.0,0.1,50.0,64,500,256,0.5,False
0.5425002257948748,0.6035494942197027,0.0,0.1,100.0,64,500,256,0.5,False
0.541444635115682,0.6035494942197027,0.0,0.1,50.0,64,500,256,0.5,True
0.5379109465318711,0.6035494942197027,0.0,0.1,100.0,64,500,256,0.5,True
