exp_score,nov_score,beta,learning_rate,margin,mb_size,num_epochs,num_output,prop_negative,shuffled
0.548374529662963,0.5000000000000001,0.0,0.1,50.0,64,100,100,0.3,False
0.5453667541043508,0.5000000000000001,0.0,0.1,100.0,64,100,100,0.3,False
0.5004690548395084,0.5000000000000001,0.0,0.1,50.0,64,100,100,0.3,True
0.5012168622197035,0.5000000000000001,0.0,0.1,100.0,64,100,100,0.3,True
