exp_score,nov_score,beta,learning_rate,margin,mb_size,num_epochs,num_output,prop_negative,shuffled
0.5035343992831371,0.507587421055851,0.0,0.1,50.0,64,100,100,0.3,False
0.5053846328166959,0.507587421055851,0.0,0.1,100.0,64,100,100,0.3,False
0.5043852753703677,0.507587421055851,0.0,0.1,50.0,64,100,100,0.3,True
0.5036513667130781,0.507587421055851,0.0,0.1,100.0,64,100,100,0.3,True
