exp_score,nov_score,beta,learning_rate,margin,mb_size,num_epochs,num_output,prop_negative,shuffled
0.6856440939397195,0.6964448882409904,0.0,0.1,50.0,64,100,100,0.3,False
0.6747886872877331,0.6964448882409904,0.0,0.1,100.0,64,100,100,0.3,False
0.6374605867836681,0.6964448882409904,0.0,0.1,50.0,64,100,100,0.3,True
0.6380960874290751,0.6964448882409904,0.0,0.1,100.0,64,100,100,0.3,True
