exp_score,nov_score,beta,learning_rate,margin,mb_size,num_epochs,num_output,prop_negative,shuffled
0.6852202914893877,0.6968757318114454,0.0,0.1,50.0,64,100,100,0.3,False
0.6762952268046409,0.6968757318114454,0.0,0.1,100.0,64,100,100,0.3,False
0.6380219521804158,0.6968757318114454,0.0,0.1,50.0,64,100,100,0.3,True
0.6398543577363507,0.6968757318114454,0.0,0.1,100.0,64,100,100,0.3,True
