exp_score,nov_score,beta,learning_rate,margin,mb_size,num_epochs,num_output,prop_negative,shuffled
0.6122323495370868,0.6285445601852279,0.0,0.1,50.0,64,500,256,0.5,False
0.5996093750000515,0.6285445601852279,0.0,0.1,100.0,64,500,256,0.5,False
0.5679615162037543,0.6285445601852279,0.0,0.1,50.0,64,500,256,0.5,True
0.5716145833333803,0.6285445601852279,0.0,0.1,100.0,64,500,256,0.5,True
