exp_score,nov_score,beta,learning_rate,margin,mb_size,num_epochs,num_output,prop_negative,shuffled
0.6086516203704282,0.6320529513889303,0.0,0.1,50.0,64,500,256,0.5,False
0.5995370370370878,0.6320529513889303,0.0,0.1,100.0,64,500,256,0.5,False
0.5654658564815325,0.6320529513889303,0.0,0.1,50.0,64,500,256,0.5,True
0.5731698495370823,0.6320529513889303,0.0,0.1,100.0,64,500,256,0.5,True
