exp_score,nov_score,beta,learning_rate,margin,mb_size,num_epochs,num_output,prop_negative,shuffled
0.6105685763889395,0.6288700810185643,0.0,0.1,50.0,64,500,256,0.5,False
0.5983796296296814,0.6288700810185643,0.0,0.1,100.0,64,500,256,0.5,False
0.5678891782407891,0.6288700810185643,0.0,0.1,50.0,64,500,256,0.5,True
0.5722294560185621,0.6288700810185643,0.0,0.1,100.0,64,500,256,0.5,True
