exp_score,nov_score,beta,learning_rate,margin,mb_size,num_epochs,num_output,prop_negative,shuffled
0.5468631897203458,0.6294922009207997,0.0,0.1,50.0,64,100,100,0.3,False
0.532639318353624,0.6294922009207997,0.0,0.1,100.0,64,100,100,0.3,False
0.5414003985432703,0.6294922009207997,0.0,0.1,50.0,64,100,100,0.3,True
0.5296502439359768,0.6294922009207997,0.0,0.1,100.0,64,100,100,0.3,True
