exp_score,nov_score,beta,learning_rate,mb_size,num_epochs,num_output,prop_negative,shuffled
0.6659079265068379,0.5089924683645399,0.0,0.1,64,50,,,False
0.521241490733122,0.5089924683645399,0.0,0.1,64,50,,,True
