exp_score,nov_score,beta,learning_rate,margin,mb_size,num_epochs,num_output,prop_negative,shuffled
0.5556525534668719,0.5000000000000023,0.0,0.1,50.0,64,100,100,0.3,False
0.5446614826299765,0.5000000000000023,0.0,0.1,100.0,64,100,100,0.3,False
0.5005978014592392,0.5000000000000023,0.0,0.1,50.0,64,100,100,0.3,True
0.5000230914884797,0.5000000000000023,0.0,0.1,100.0,64,100,100,0.3,True
