exp_score,nov_score,beta,learning_rate,mb_size,num_epochs,num_output,prop_negative,shuffled
0.524089606656071,0.5000178418498448,0.0,0.1,64,50,,,False
0.5013747848613481,0.5000178418498448,0.0,0.1,64,50,,,True
