exp_score,nov_score,beta,learning_rate,margin,mb_size,num_epochs,num_output,prop_negative,shuffled
0.5007883851379991,0.5257639130006377,0.0,0.1,50.0,64,100,100,0.3,False
0.5010814378802005,0.5257639130006377,0.0,0.1,100.0,64,100,100,0.3,False
0.500472509154641,0.5257639130006377,0.0,0.1,50.0,64,100,100,0.3,True
0.5013180840746513,0.5257639130006377,0.0,0.1,100.0,64,100,100,0.3,True
