exp_score,nov_score,beta,learning_rate,margin,mb_size,num_epochs,num_output,prop_negative,shuffled
0.5011727034829278,0.5258528631029413,0.0,0.1,50.0,64,100,100,0.3,False
0.5007611395305291,0.5258528631029413,0.0,0.1,100.0,64,100,100,0.3,False
0.5004752932275169,0.5258528631029413,0.0,0.1,50.0,64,100,100,0.3,True
0.5016707481266237,0.5258528631029413,0.0,0.1,100.0,64,100,100,0.3,True
