exp_score,nov_score,beta,learning_rate,margin,mb_size,num_epochs,num_output,prop_negative,shuffled
0.7467741531266976,0.6502707791773292,0.0,0.1,50.0,64,100,100,0.3,False
0.6906054960053235,0.6502707791773292,0.0,0.1,100.0,64,100,100,0.3,False
0.5529982320421816,0.6502707791773292,0.0,0.1,50.0,64,100,100,0.3,True
0.5585282954568289,0.6502707791773292,0.0,0.1,100.0,64,100,100,0.3,True
