exp_score,nov_score,beta,learning_rate,margin,mb_size,num_epochs,num_output,prop_negative,shuffled
0.7388151287730426,0.6505465662008725,0.0,0.1,50.0,64,100,100,0.3,False
0.6935110021685293,0.6505465662008725,0.0,0.1,100.0,64,100,100,0.3,False
0.5603756811878071,0.6505465662008725,0.0,0.1,50.0,64,100,100,0.3,True
0.5555202624923143,0.6505465662008725,0.0,0.1,100.0,64,100,100,0.3,True
