exp_score,nov_score,beta,learning_rate,margin,mb_size,num_epochs,num_output,prop_negative,shuffled
0.522867880418351,0.6422190610904572,0.0,0.1,50.0,64,100,100,0.3,False
0.5214630169075255,0.6422190610904572,0.0,0.1,100.0,64,100,100,0.3,False
0.5156581611813473,0.6422190610904572,0.0,0.1,50.0,64,100,100,0.3,True
0.5172901755806077,0.6422190610904572,0.0,0.1,100.0,64,100,100,0.3,True
