exp_score,nov_score,beta,learning_rate,margin,mb_size,num_epochs,num_output,prop_negative,shuffled
0.5234136573110717,0.6414580110268769,0.0,0.1,50.0,64,100,100,0.3,False
0.5206790623975326,0.6414580110268769,0.0,0.1,100.0,64,100,100,0.3,False
0.5160445000072185,0.6414580110268769,0.0,0.1,50.0,64,100,100,0.3,True
0.5171799906017212,0.6414580110268769,0.0,0.1,100.0,64,100,100,0.3,True
