exp_score,nov_score,beta,learning_rate,mb_size,num_epochs,num_output,prop_negative,shuffled
0.5893496850560169,0.5613452787908683,0.0,0.1,64,50,,,False
0.5652186258307569,0.5613452787908683,0.0,0.1,64,50,,,True
