exp_score,nov_score,beta,learning_rate,margin,mb_size,num_epochs,num_output,prop_negative,shuffled
0.6380173860942204,0.5702355270524493,0.0,0.1,50.0,64,500,256,0.5,False
0.6153775045175206,0.5702355270524493,0.0,0.1,100.0,64,500,256,0.5,False
0.5126303860576138,0.5702355270524493,0.0,0.1,50.0,64,500,256,0.5,True
0.5141868876300598,0.5702355270524493,0.0,0.1,100.0,64,500,256,0.5,True
