exp_score,nov_score,beta,learning_rate,margin,mb_size,num_epochs,num_output,prop_negative,shuffled
0.6388653902984103,0.5728232463827143,0.0,0.1,50.0,64,500,256,0.5,False
0.6124858305220691,0.5728232463827143,0.0,0.1,100.0,64,500,256,0.5,False
0.5119833597364641,0.5728232463827143,0.0,0.1,50.0,64,500,256,0.5,True
0.5134146034888271,0.5728232463827143,0.0,0.1,100.0,64,500,256,0.5,True
