exp_score,nov_score,beta,learning_rate,margin,mb_size,num_epochs,num_output,prop_negative,shuffled
0.6366790425871667,0.5723383834585634,0.0,0.1,50.0,64,500,256,0.5,False
0.613984856196063,0.5723383834585634,0.0,0.1,100.0,64,500,256,0.5,False
0.5154992261616415,0.5723383834585634,0.0,0.1,50.0,64,500,256,0.5,True
0.5150123604475607,0.5723383834585634,0.0,0.1,100.0,64,500,256,0.5,True
