exp_score,nov_score,beta,learning_rate,margin,mb_size,num_epochs,num_output,prop_negative,shuffled
0.666830949745667,0.6561691510926049,0.0,0.1,50.0,64,100,100,0.3,False
0.6355300964448125,0.6561691510926049,0.0,0.1,100.0,64,100,100,0.3,False
0.5789381385689027,0.6561691510926049,0.0,0.1,50.0,64,100,100,0.3,True
0.5814756694954265,0.6561691510926049,0.0,0.1,100.0,64,100,100,0.3,True
