exp_score,nov_score,beta,learning_rate,margin,mb_size,num_epochs,num_output,prop_negative,shuffled
0.6615264615868015,0.6597589073824579,0.0,0.1,50.0,64,100,100,0.3,False
0.6329667301566612,0.6597589073824579,0.0,0.1,100.0,64,100,100,0.3,False
0.5770100733396987,0.6597589073824579,0.0,0.1,50.0,64,100,100,0.3,True
0.5781821367148292,0.6597589073824579,0.0,0.1,100.0,64,100,100,0.3,True
