exp_score,nov_score,beta,learning_rate,mb_size,num_epochs,num_output,prop_negative,shuffled
0.5907458475985059,0.5416620032156847,0.0,0.1,64,50,,,False
0.5446902746649545,0.5416620032156847,0.0,0.1,64,50,,,True
