exp_score,nov_score,beta,learning_rate,margin,mb_size,num_epochs,num_output,prop_negative,shuffled
0.511201431369788,0.5053476895215113,0.0,0.1,50.0,64,100,100,0.3,False
0.5030670016821723,0.5053476895215113,0.0,0.1,100.0,64,100,100,0.3,False
0.50713005597917,0.5053476895215113,0.0,0.1,50.0,64,100,100,0.3,True
0.5049531752585654,0.5053476895215113,0.0,0.1,100.0,64,100,100,0.3,True
