exp_score,nov_score,beta,learning_rate,margin,mb_size,num_epochs,num_output,prop_negative,shuffled
0.5038120051310322,0.5053476895215113,0.0,0.1,50.0,64,100,100,0.3,False
0.5023178671939476,0.5053476895215113,0.0,0.1,100.0,64,100,100,0.3,False
0.5008422599193453,0.5053476895215113,0.0,0.1,50.0,64,100,100,0.3,True
0.5019393459550026,0.5053476895215113,0.0,0.1,100.0,64,100,100,0.3,True
