exp_score,nov_score,beta,learning_rate,margin,mb_size,num_epochs,num_output,prop_negative,shuffled
0.6296392938145212,0.6574038251490972,0.0,0.1,50.0,64,100,100,0.3,False
0.6288082889101372,0.6574038251490972,0.0,0.1,100.0,64,100,100,0.3,False
0.6197438221190101,0.6574038251490972,0.0,0.1,50.0,64,100,100,0.3,True
0.6213107891525388,0.6574038251490972,0.0,0.1,100.0,64,100,100,0.3,True
