exp_score,nov_score,beta,learning_rate,margin,mb_size,num_epochs,num_output,prop_negative,shuffled
0.584621727478923,0.6598983027554814,0.0,0.1,50.0,64,100,100,0.3,False
0.5726997869855464,0.6598983027554814,0.0,0.1,100.0,64,100,100,0.3,False
0.5747955747956219,0.6598983027554814,0.0,0.1,50.0,64,100,100,0.3,True
0.5778877207449233,0.6598983027554814,0.0,0.1,100.0,64,100,100,0.3,True
