exp_score,nov_score,beta,learning_rate,margin,mb_size,num_epochs,num_output,prop_negative,shuffled
0.5821480107194946,0.6673881673882067,0.0,0.1,50.0,64,100,100,0.3,False
0.5603655603655915,0.6673881673882067,0.0,0.1,100.0,64,100,100,0.3,False
0.585068370782708,0.6673881673882067,0.0,0.1,50.0,64,100,100,0.3,True
0.5742458599601948,0.6673881673882067,0.0,0.1,100.0,64,100,100,0.3,True
