exp_score,nov_score,beta,learning_rate,mb_size,num_epochs,num_output,prop_negative,shuffled
0.7142112010037099,0.5614324186759547,0.0,0.1,64,50,,,False
0.5615254695170404,0.5614324186759547,0.0,0.1,64,50,,,True
