exp_score,nov_score,beta,learning_rate,mb_size,num_epochs,num_output,prop_negative,shuffled
0.5612488791516939,0.5311079807789253,0.0,0.1,64,50,,,False
0.5456519912650848,0.5311079807789253,0.0,0.1,64,50,,,True
