exp_score,nov_score,beta,learning_rate,margin,mb_size,num_epochs,num_output,prop_negative,shuffled
0.5025756421796067,0.5064547750322159,0.0,0.1,50.0,64,100,100,0.3,False
0.5006745208933875,0.5064547750322159,0.0,0.1,100.0,64,100,100,0.3,False
0.5025111418024434,0.5064547750322159,0.0,0.1,50.0,64,100,100,0.3,True
0.5011934391819773,0.5064547750322159,0.0,0.1,100.0,64,100,100,0.3,True
