exp_score,nov_score,beta,learning_rate,margin,mb_size,num_epochs,num_output,prop_negative,shuffled
0.5294719350477772,0.5197072338813242,0.0,0.1,50.0,64,100,100,0.3,False
0.5321200946005739,0.5197072338813242,0.0,0.1,100.0,64,100,100,0.3,False
0.5266102318734114,0.5197072338813242,0.0,0.1,50.0,64,100,100,0.3,True
0.5370039028194522,0.5197072338813242,0.0,0.1,100.0,64,100,100,0.3,True
