exp_score,nov_score,beta,learning_rate,margin,mb_size,num_epochs,num_output,prop_negative,shuffled
0.5131921247773934,0.5000032420795997,0.0,0.1,50.0,64,100,100,0.3,False
0.5080814056098768,0.5000032420795997,0.0,0.1,100.0,64,100,100,0.3,False
0.5000064841591992,0.5000032420795997,0.0,0.1,50.0,64,100,100,0.3,True
0.5001118384852099,0.5000032420795997,0.0,0.1,100.0,64,100,100,0.3,True
