exp_score,nov_score,beta,learning_rate,margin,mb_size,num_epochs,num_output,prop_negative,shuffled
0.5112601544539541,0.5017483698467112,0.0,0.1,50.0,64,100,100,0.3,False
0.5066272135607144,0.5017483698467112,0.0,0.1,100.0,64,100,100,0.3,False
0.500008105198999,0.5017483698467112,0.0,0.1,50.0,64,100,100,0.3,True
0.500008105198999,0.5017483698467112,0.0,0.1,100.0,64,100,100,0.3,True
