exp_score,nov_score,beta,learning_rate,margin,mb_size,num_epochs,num_output,prop_negative,shuffled
0.6222020631936727,0.657088268011328,0.0,0.1,50.0,64,100,100,0.3,False
0.6146877649957143,0.657088268011328,0.0,0.1,100.0,64,100,100,0.3,False
0.6184557169130945,0.657088268011328,0.0,0.1,50.0,64,100,100,0.3,True
0.612943789596029,0.657088268011328,0.0,0.1,100.0,64,100,100,0.3,True
