exp_score,nov_score,beta,learning_rate,margin,mb_size,num_epochs,num_output,prop_negative,shuffled
0.6189855321378025,0.6601446840947056,0.0,0.1,50.0,64,100,100,0.3,False
0.6139465928085499,0.6601446840947056,0.0,0.1,100.0,64,100,100,0.3,False
0.6155941688298501,0.6601446840947056,0.0,0.1,50.0,64,100,100,0.3,True
0.6159608250711792,0.6601446840947056,0.0,0.1,100.0,64,100,100,0.3,True
