exp_score,nov_score,beta,learning_rate,margin,mb_size,num_epochs,num_output,prop_negative,shuffled
0.5466166551233883,0.5406674272500895,0.0,0.1,50.0,64,100,100,0.3,False
0.5465178642668189,0.5406674272500895,0.0,0.1,100.0,64,100,100,0.3,False
0.5466281630188674,0.5406674272500895,0.0,0.1,50.0,64,100,100,0.3,True
0.5482868933686927,0.5406674272500895,0.0,0.1,100.0,64,100,100,0.3,True
