exp_score,nov_score,beta,learning_rate,margin,mb_size,num_epochs,num_output,prop_negative,shuffled
0.6158123895905617,0.6063777672134398,0.0,0.1,50.0,64,100,100,0.3,False
0.5907354200594068,0.6063777672134398,0.0,0.1,100.0,64,100,100,0.3,False
0.5790609117560066,0.6063777672134398,0.0,0.1,50.0,64,100,100,0.3,True
0.5716161482042336,0.6063777672134398,0.0,0.1,100.0,64,100,100,0.3,True
