exp_score,nov_score,beta,learning_rate,margin,mb_size,num_epochs,num_output,prop_negative,shuffled
0.6236178149697345,0.5978090004014391,0.0,0.1,50.0,64,100,100,0.3,False
0.5943413791529187,0.5978090004014391,0.0,0.1,100.0,64,100,100,0.3,False
0.5776975605979158,0.5978090004014391,0.0,0.1,50.0,64,100,100,0.3,True
0.5672133243219675,0.5978090004014391,0.0,0.1,100.0,64,100,100,0.3,True
