exp_score,nov_score,beta,learning_rate,margin,mb_size,num_epochs,num_output,prop_negative,shuffled
0.5440752577282308,0.6087017203744887,0.0,0.1,50.0,64,100,100,0.3,False
0.5488122091561666,0.6087017203744887,0.0,0.1,100.0,64,100,100,0.3,False
0.5541861473597027,0.6087017203744887,0.0,0.1,50.0,64,100,100,0.3,True
0.5468280026383489,0.6087017203744887,0.0,0.1,100.0,64,100,100,0.3,True
