exp_score,nov_score,beta,learning_rate,margin,mb_size,num_epochs,num_output,prop_negative,shuffled
0.6601696790841048,0.6386257303775515,0.0,0.1,50.0,64,500,256,0.5,False
0.6601696790841048,0.6386257303775515,0.0,0.1,100.0,64,500,256,0.5,False
0.5093237694042163,0.6386257303775515,0.0,0.1,50.0,64,500,256,0.5,True
0.503816312158679,0.6386257303775515,0.0,0.1,100.0,64,500,256,0.5,True
