exp_score,nov_score,beta,learning_rate,margin,mb_size,num_epochs,num_output,prop_negative,shuffled
0.6601696790841048,0.6381512267816107,0.0,0.1,50.0,64,500,256,0.5,False
0.6601696790841048,0.6381512267816107,0.0,0.1,100.0,64,500,256,0.5,False
0.5082193214063755,0.6381512267816107,0.0,0.1,50.0,64,500,256,0.5,True
0.5042199035365469,0.6381512267816107,0.0,0.1,100.0,64,500,256,0.5,True
