exp_score,nov_score,beta,learning_rate,margin,mb_size,num_epochs,num_output,prop_negative,shuffled
0.6601696790841048,0.6380409598952421,0.0,0.1,50.0,64,500,256,0.5,False
0.6601696790841048,0.6380409598952421,0.0,0.1,100.0,64,500,256,0.5,False
0.5079335148607486,0.6380409598952421,0.0,0.1,50.0,64,500,256,0.5,True
0.5034702737202648,0.6380409598952421,0.0,0.1,100.0,64,500,256,0.5,True
