exp_score,nov_score,beta,learning_rate,margin,mb_size,num_epochs,num_output,prop_negative,shuffled
0.5137582584169468,0.5158940590415433,0.0,0.1,50.0,64,100,100,0.3,False
0.5104665527281547,0.5158940590415433,0.0,0.1,100.0,64,100,100,0.3,False
0.5014740340430829,0.5158940590415433,0.0,0.1,50.0,64,100,100,0.3,True
0.5007882164734715,0.5158940590415433,0.0,0.1,100.0,64,100,100,0.3,True
