exp_score,nov_score,beta,learning_rate,margin,mb_size,num_epochs,num_output,prop_negative,shuffled
0.5157825499149225,0.5135888082735784,0.0,0.1,50.0,64,100,100,0.3,False
0.505894314127772,0.5135888082735784,0.0,0.1,100.0,64,100,100,0.3,False
0.5024338871134101,0.5135888082735784,0.0,0.1,50.0,64,100,100,0.3,True
0.5014029743055297,0.5135888082735784,0.0,0.1,100.0,64,100,100,0.3,True
