exp_score,nov_score,beta,learning_rate,margin,mb_size,num_epochs,num_output,prop_negative,shuffled
0.596645805789078,0.5756810101414842,0.0,0.1,50.0,64,100,100,0.3,False
0.5790400602891901,0.5756810101414842,0.0,0.1,100.0,64,100,100,0.3,False
0.5689640265473185,0.5756810101414842,0.0,0.1,50.0,64,100,100,0.3,True
0.5686999980371389,0.5756810101414842,0.0,0.1,100.0,64,100,100,0.3,True
