exp_score,nov_score,beta,learning_rate,margin,mb_size,num_epochs,num_output,prop_negative,shuffled
0.49877522165178967,0.5441499615548913,0.0,0.1,50.0,64,100,100,0.1,False
0.5010287263544191,0.5441499615548913,0.0,0.1,100.0,64,100,100,0.1,False
0.499959915019912,0.5441499615548913,0.0,0.1,50.0,64,100,100,0.1,True
0.5007481314933135,0.5441499615548913,0.0,0.1,100.0,64,100,100,0.1,True
