exp_score,nov_score,beta,learning_rate,margin,mb_size,num_epochs,num_output,prop_negative,shuffled
0.5597153535774605,0.5407260838674105,0.0,0.1,50.0,64,500,256,0.5,False
0.5442061218534321,0.5407260838674105,0.0,0.1,100.0,64,500,256,0.5,False
0.4952115949978174,0.5407260838674105,0.0,0.1,50.0,64,500,256,0.5,True
0.4952115949978174,0.5407260838674105,0.0,0.1,100.0,64,500,256,0.5,True
