exp_score,nov_score,beta,learning_rate,mb_size,num_epochs,num_output,prop_negative,shuffled
0.6290295490315445,0.5095724288470461,0.0,0.1,64,50,,,False
0.5143475479580856,0.5095724288470461,0.0,0.1,64,50,,,True
