exp_score,nov_score,beta,learning_rate,mb_size,num_epochs,num_output,prop_negative,shuffled
0.6383201873334858,0.5095724288470461,0.0,0.1,64,50,,,False
0.5136844268713203,0.5095724288470461,0.0,0.1,64,50,,,True
