exp_score,nov_score,beta,learning_rate,margin,mb_size,num_epochs,num_output,prop_negative,shuffled
0.5629736982028369,0.6333740228470046,0.0,0.1,50.0,64,500,256,0.5,False
0.5617170596500181,0.6333740228470046,0.0,0.1,100.0,64,500,256,0.5,False
0.5096455513159046,0.6333740228470046,0.0,0.1,50.0,64,500,256,0.5,True
0.511140258625731,0.6333740228470046,0.0,0.1,100.0,64,500,256,0.5,True
