exp_score,nov_score,beta,learning_rate,margin,mb_size,num_epochs,num_output,prop_negative,shuffled
0.562958735758572,0.634630043507776,0.0,0.1,50.0,64,500,256,0.5,False
0.561740375257463,0.634630043507776,0.0,0.1,100.0,64,500,256,0.5,False
0.5095278024093131,0.634630043507776,0.0,0.1,50.0,64,500,256,0.5,True
0.511650611010287,0.634630043507776,0.0,0.1,100.0,64,500,256,0.5,True
