exp_score,nov_score,beta,learning_rate,margin,mb_size,num_epochs,num_output,prop_negative,shuffled
0.5629437733143072,0.6333891920567019,0.0,0.1,50.0,64,500,256,0.5,False
0.5617415685664888,0.6333891920567019,0.0,0.1,100.0,64,500,256,0.5,False
0.5096845867061165,0.6333891920567019,0.0,0.1,50.0,64,500,256,0.5,True
0.5116423724496527,0.6333891920567019,0.0,0.1,100.0,64,500,256,0.5,True
