exp_score,nov_score,beta,learning_rate,margin,mb_size,num_epochs,num_output,prop_negative,shuffled
0.6146047114622838,0.6797628877807033,0.0,0.1,50.0,64,100,100,0.3,False
0.5897925085135116,0.6797628877807033,0.0,0.1,100.0,64,100,100,0.3,False
0.5980758326641338,0.6797628877807033,0.0,0.1,50.0,64,100,100,0.3,True
0.6041483425562013,0.6797628877807033,0.0,0.1,100.0,64,100,100,0.3,True
