exp_score,nov_score,beta,learning_rate,margin,mb_size,num_epochs,num_output,prop_negative,shuffled
0.5051297116264879,0.5376931984498978,0.0,0.1,50.0,64,100,100,0.3,False
0.5041441262873536,0.5376931984498978,0.0,0.1,100.0,64,100,100,0.3,False
0.5041526416620076,0.5376931984498978,0.0,0.1,50.0,64,100,100,0.3,True
0.5035551634310867,0.5376931984498978,0.0,0.1,100.0,64,100,100,0.3,True
