exp_score,nov_score,beta,learning_rate,margin,mb_size,num_epochs,num_output,prop_negative,shuffled
0.5036074130419869,0.5376931984498978,0.0,0.1,50.0,64,100,100,0.3,False
0.5031484905014599,0.5376931984498978,0.0,0.1,100.0,64,100,100,0.3,False
0.503283680648011,0.5376931984498978,0.0,0.1,50.0,64,100,100,0.3,True
0.5049979011993049,0.5376931984498978,0.0,0.1,100.0,64,100,100,0.3,True
