exp_score,nov_score,beta,learning_rate,margin,mb_size,num_epochs,num_output,prop_negative,shuffled
0.7256221064815269,0.7385706018518832,0.0,0.1,50.0,64,500,256,0.5,False
0.7225477430556009,0.7385706018518832,0.0,0.1,100.0,64,500,256,0.5,False
0.631763599537088,0.7385706018518832,0.0,0.1,50.0,64,500,256,0.5,True
0.6337167245370859,0.7385706018518832,0.0,0.1,100.0,64,500,256,0.5,True
