exp_score,nov_score,beta,learning_rate,margin,mb_size,num_epochs,num_output,prop_negative,shuffled
0.6951144094001519,0.7395725967154838,0.0,0.1,50.0,64,100,100,0.1,False
0.656393870679624,0.7395725967154838,0.0,0.1,100.0,64,100,100,0.1,False
0.6127602556174145,0.7395725967154838,0.0,0.1,50.0,64,100,100,0.1,True
0.5976774548203467,0.7395725967154838,0.0,0.1,100.0,64,100,100,0.1,True
