exp_score,nov_score,beta,learning_rate,margin,mb_size,num_epochs,num_output,prop_negative,shuffled
0.7265263310185666,0.7432725694444768,0.0,0.1,50.0,64,500,256,0.5,False
0.7219690393518987,0.7432725694444768,0.0,0.1,100.0,64,500,256,0.5,False
0.6319444444444977,0.7432725694444768,0.0,0.1,50.0,64,500,256,0.5,True
0.6396484375000475,0.7432725694444768,0.0,0.1,100.0,64,500,256,0.5,True
