exp_score,nov_score,beta,learning_rate,mb_size,num_epochs,num_output,prop_negative,shuffled
0.6450874713002841,0.6338787384649727,0.0,0.1,64,50,,,False
0.6326134797394618,0.6338787384649727,0.0,0.1,64,50,,,True
