exp_score,nov_score,beta,learning_rate,mb_size,num_epochs,num_output,prop_negative,shuffled
0.5125615271400046,0.5000000000000011,0.0,0.1,64,50,,,False
0.5121965384483269,0.5000000000000011,0.0,0.1,64,50,,,True
