exp_score,nov_score,beta,learning_rate,mb_size,num_epochs,num_output,prop_negative,shuffled
0.5760347343918646,0.5000000000000007,0.0,0.1,64,50,,,False
0.5312439225403207,0.5000000000000007,0.0,0.1,64,50,,,True
