exp_score,nov_score,beta,learning_rate,mb_size,num_epochs,num_output,prop_negative,shuffled
0.6960135125095549,0.6605281108841641,0.0,0.1,64,50,,,False
0.6649848889970039,0.6605281108841641,0.0,0.1,64,50,,,True
