exp_score,nov_score,beta,learning_rate,margin,mb_size,num_epochs,num_output,prop_negative,shuffled
0.5456956738717509,0.6199006751537679,0.0,0.1,50.0,64,100,100,0.3,False
0.5457851685904822,0.6199006751537679,0.0,0.1,100.0,64,100,100,0.3,False
0.538411336691285,0.6199006751537679,0.0,0.1,50.0,64,100,100,0.3,True
0.5421841250549106,0.6199006751537679,0.0,0.1,100.0,64,100,100,0.3,True
