exp_score,nov_score,beta,learning_rate,margin,mb_size,num_epochs,num_output,prop_negative,shuffled
0.5443342611986467,0.6170304340820089,0.0,0.1,50.0,64,100,100,0.3,False
0.5466151526184313,0.6170304340820089,0.0,0.1,100.0,64,100,100,0.3,False
0.5389580580062461,0.6170304340820089,0.0,0.1,50.0,64,100,100,0.3,True
0.5424968261174303,0.6170304340820089,0.0,0.1,100.0,64,100,100,0.3,True
