exp_score,nov_score,beta,learning_rate,mb_size,num_epochs,num_output,prop_negative,shuffled
0.5357356076831041,0.5360556797933864,0.0,0.1,64,50,,,False
0.543991175709756,0.5360556797933864,0.0,0.1,64,50,,,True
