exp_score,nov_score,beta,learning_rate,margin,mb_size,num_epochs,num_output,prop_negative,shuffled
0.6233079090222342,0.7030165601594571,0.0,0.1,50.0,64,100,100,0.3,False
0.5945165945166491,0.7030165601594571,0.0,0.1,100.0,64,100,100,0.3,False
0.5865457294029228,0.7030165601594571,0.0,0.1,50.0,64,100,100,0.3,True
0.5804301518587738,0.7030165601594571,0.0,0.1,100.0,64,100,100,0.3,True
