exp_score,nov_score,beta,learning_rate,margin,mb_size,num_epochs,num_output,prop_negative,shuffled
0.6289768432625985,0.7017797017797418,0.0,0.1,50.0,64,100,100,0.3,False
0.6068164639593684,0.7017797017797418,0.0,0.1,100.0,64,100,100,0.3,False
0.588229231086421,0.7017797017797418,0.0,0.1,50.0,64,100,100,0.3,True
0.5737992166564195,0.7017797017797418,0.0,0.1,100.0,64,100,100,0.3,True
