exp_score,nov_score,beta,learning_rate,margin,mb_size,num_epochs,num_output,prop_negative,shuffled
0.6387394815551655,0.6479528347930084,0.0,0.1,50.0,64,100,100,0.3,False
0.6415719941317364,0.6479528347930084,0.0,0.1,100.0,64,100,100,0.3,False
0.6285320838483557,0.6479528347930084,0.0,0.1,50.0,64,100,100,0.3,True
0.6331281295099328,0.6479528347930084,0.0,0.1,100.0,64,100,100,0.3,True
