noun_synonym_matching_nov,0.49523809523809526
noun_synonym_matching_exp,0.44693732193732194
verb_synonym_matching_nov,0.39545454545454545
verb_synonym_matching_exp,0.37272727272727274
