exp_score,nov_score,beta,learning_rate,margin,mb_size,num_epochs,num_output,prop_negative,shuffled
0.8412923092073658,0.7528517048647061,0.0,0.1,50.0,64,100,100,0.3,False
0.8414288885553021,0.7528517048647061,0.0,0.1,100.0,64,100,100,0.3,False
0.7207768881482912,0.7528517048647061,0.0,0.1,50.0,64,100,100,0.3,True
0.7465423088461189,0.7528517048647061,0.0,0.1,100.0,64,100,100,0.3,True
