exp_score,nov_score,beta,learning_rate,margin,mb_size,num_epochs,num_output,prop_negative,shuffled
0.8374944690304947,0.713987902589236,0.0,0.1,50.0,64,100,100,0.3,False
0.8394105421892968,0.713987902589236,0.0,0.1,100.0,64,100,100,0.3,False
0.7171233346891239,0.713987902589236,0.0,0.1,50.0,64,100,100,0.3,True
0.7483724943320318,0.713987902589236,0.0,0.1,100.0,64,100,100,0.3,True
