exp_score,nov_score,beta,learning_rate,margin,mb_size,num_epochs,num_output,prop_negative,shuffled
0.8038493544896059,0.7793867838275896,0.0,0.1,50.0,64,100,100,0.3,False
0.794778223830213,0.7793867838275896,0.0,0.1,100.0,64,100,100,0.3,False
0.757132319044997,0.7793867838275896,0.0,0.1,50.0,64,100,100,0.3,True
0.7573834178813437,0.7793867838275896,0.0,0.1,100.0,64,100,100,0.3,True
