exp_score,nov_score,beta,learning_rate,mb_size,num_epochs,num_output,prop_negative,shuffled
0.5415312598740222,0.5036560852768268,0.0,0.1,64,50,,,False
0.5178592563018909,0.5036560852768268,0.0,0.1,64,50,,,True
