exp_score,nov_score,beta,learning_rate,margin,mb_size,num_epochs,num_output,prop_negative,shuffled
0.5520107668785652,0.575434413529465,0.0,0.1,50.0,64,100,100,0.3,False
0.5522605160007763,0.575434413529465,0.0,0.1,100.0,64,100,100,0.3,False
0.5545554915728272,0.575434413529465,0.0,0.1,50.0,64,100,100,0.3,True
0.5516305459775135,0.575434413529465,0.0,0.1,100.0,64,100,100,0.3,True
