exp_score,nov_score,beta,learning_rate,margin,mb_size,num_epochs,num_output,prop_negative,shuffled
0.6620245366001127,0.6216420444347488,0.0,0.1,50.0,64,100,100,0.3,False
0.6443810759299295,0.6216420444347488,0.0,0.1,100.0,64,100,100,0.3,False
0.6113413409204453,0.6216420444347488,0.0,0.1,50.0,64,100,100,0.3,True
0.6109262173891901,0.6216420444347488,0.0,0.1,100.0,64,100,100,0.3,True
