exp_score,nov_score,beta,learning_rate,margin,mb_size,num_epochs,num_output,prop_negative,shuffled
0.5351163725603025,0.5364595505146521,0.0,0.1,50.0,64,100,100,0.3,False
0.5451257039881627,0.5364595505146521,0.0,0.1,100.0,64,100,100,0.3,False
0.55820038468242,0.5364595505146521,0.0,0.1,50.0,64,100,100,0.3,True
0.5352896991706644,0.5364595505146521,0.0,0.1,100.0,64,100,100,0.3,True
