exp_score,nov_score,beta,learning_rate,margin,mb_size,num_epochs,num_output,prop_negative,shuffled
0.5387762374115775,0.5357022719772935,0.0,0.1,50.0,64,100,100,0.3,False
0.5439415120359936,0.5357022719772935,0.0,0.1,100.0,64,100,100,0.3,False
0.5544235524012041,0.5357022719772935,0.0,0.1,50.0,64,100,100,0.3,True
0.5494110082049848,0.5357022719772935,0.0,0.1,100.0,64,100,100,0.3,True
