exp_score,nov_score,beta,learning_rate,margin,mb_size,num_epochs,num_output,prop_negative,shuffled
0.5882292310864248,0.6564282278568248,0.0,0.1,50.0,64,100,100,0.3,False
0.5799147942005578,0.6564282278568248,0.0,0.1,100.0,64,100,100,0.3,False
0.5850340136054848,0.6564282278568248,0.0,0.1,50.0,64,100,100,0.3,True
0.5746925032639738,0.6564282278568248,0.0,0.1,100.0,64,100,100,0.3,True
