exp_score,nov_score,beta,learning_rate,margin,mb_size,num_epochs,num_output,prop_negative,shuffled
0.6134086575255249,0.6033028958350446,0.0,0.1,50.0,64,100,100,0.3,False
0.5307640864902884,0.6033028958350446,0.0,0.1,100.0,64,100,100,0.3,False
0.5134176749944166,0.6033028958350446,0.0,0.1,50.0,64,100,100,0.3,True
0.5052900910292257,0.6033028958350446,0.0,0.1,100.0,64,100,100,0.3,True
