exp_score,nov_score,beta,learning_rate,margin,mb_size,num_epochs,num_output,prop_negative,shuffled
0.6157740316725824,0.6033028958350446,0.0,0.1,50.0,64,100,100,0.3,False
0.5271560366761143,0.6033028958350446,0.0,0.1,100.0,64,100,100,0.3,False
0.5056916870740651,0.6033028958350446,0.0,0.1,50.0,64,100,100,0.3,True
0.5059891809259035,0.6033028958350446,0.0,0.1,100.0,64,100,100,0.3,True
