exp_score,nov_score,beta,learning_rate,margin,mb_size,num_epochs,num_output,prop_negative,shuffled
0.5568496052451808,0.56794757641397,0.0,0.1,50.0,64,100,100,0.3,False
0.5534469893576692,0.56794757641397,0.0,0.1,100.0,64,100,100,0.3,False
0.5548666339482626,0.56794757641397,0.0,0.1,50.0,64,100,100,0.3,True
0.5537368510188001,0.56794757641397,0.0,0.1,100.0,64,100,100,0.3,True
