exp_score,nov_score,beta,learning_rate,margin,mb_size,num_epochs,num_output,prop_negative,shuffled
0.5553271825342906,0.5697488510432629,0.0,0.1,50.0,64,100,100,0.3,False
0.555459627789878,0.5697488510432629,0.0,0.1,100.0,64,100,100,0.3,False
0.5569863736802664,0.5697488510432629,0.0,0.1,50.0,64,100,100,0.3,True
0.554155334110601,0.5697488510432629,0.0,0.1,100.0,64,100,100,0.3,True
