exp_score,nov_score,beta,learning_rate,margin,mb_size,num_epochs,num_output,prop_negative,shuffled
0.5031047639176935,0.500000000000002,0.0,0.1,50.0,64,100,100,0.3,False
0.5077338503081105,0.500000000000002,0.0,0.1,100.0,64,100,100,0.3,False
0.50004008498016,0.500000000000002,0.0,0.1,50.0,64,100,100,0.3,True
0.5032355867165688,0.500000000000002,0.0,0.1,100.0,64,100,100,0.3,True
