exp_score,nov_score,beta,learning_rate,margin,mb_size,num_epochs,num_output,prop_negative,shuffled
0.5011159343900605,0.5444919368666667,0.0,0.1,50.0,64,100,100,0.3,False
0.5000125283279416,0.5444919368666667,0.0,0.1,100.0,64,100,100,0.3,False
0.5016774039077249,0.5444919368666667,0.0,0.1,50.0,64,100,100,0.3,True
0.501261185012779,0.5444919368666667,0.0,0.1,100.0,64,100,100,0.3,True
