exp_score,nov_score,beta,learning_rate,margin,mb_size,num_epochs,num_output,prop_negative,shuffled
0.7827176509056936,0.5722329309390948,0.0,0.1,50.0,64,100,100,0.3,False
0.6944706542137167,0.5722329309390948,0.0,0.1,100.0,64,100,100,0.3,False
0.5130537969176068,0.5722329309390948,0.0,0.1,50.0,64,100,100,0.3,True
0.5104784072068979,0.5722329309390948,0.0,0.1,100.0,64,100,100,0.3,True
