exp_score,nov_score,beta,learning_rate,margin,mb_size,num_epochs,num_output,prop_negative,shuffled
0.5155114861164285,0.6076008128081059,0.0,0.1,50.0,64,100,100,0.3,False
0.5110040745212641,0.6076008128081059,0.0,0.1,100.0,64,100,100,0.3,False
0.5063910063413268,0.6076008128081059,0.0,0.1,50.0,64,100,100,0.3,True
0.5027485806687688,0.6076008128081059,0.0,0.1,100.0,64,100,100,0.3,True
