exp_score,nov_score,beta,learning_rate,margin,mb_size,num_epochs,num_output,prop_negative,shuffled
0.516268011901369,0.6065662034757707,0.0,0.1,50.0,64,100,100,0.3,False
0.5107341469303899,0.6065662034757707,0.0,0.1,100.0,64,100,100,0.3,False
0.5045275220914606,0.6065662034757707,0.0,0.1,50.0,64,100,100,0.3,True
0.5041073595499599,0.6065662034757707,0.0,0.1,100.0,64,100,100,0.3,True
