exp_score,nov_score,beta,learning_rate,mb_size,num_epochs,num_hiddens,shuffled
0.4141916530340694,0.2690166975881262,0.0,0.1,8,500,32,False
0.31141130958802765,0.2690166975881262,0.3,0.1,8,500,32,False
0.5084873559953704,0.2690166975881262,0.0,0.1,8,500,256,False
0.43023844935535976,0.2690166975881262,0.3,0.1,8,500,256,False
0.048425123097032535,0.2690166975881262,0.0,0.1,8,500,32,True
0.10038152006945836,0.2690166975881262,0.3,0.1,8,500,32,True
0.052252277542800485,0.2690166975881262,0.0,0.1,8,500,256,True
0.10038152006945836,0.2690166975881262,0.3,0.1,8,500,256,True
