exp_score,nov_score,beta,learning_rate,margin,mb_size,num_epochs,num_output,prop_negative,shuffled
0.7780526351955124,0.7359650931079822,0.0,0.1,50.0,64,100,100,0.3,False
0.685769257197852,0.7359650931079822,0.0,0.1,100.0,64,100,100,0.3,False
0.6755651755652008,0.7359650931079822,0.0,0.1,50.0,64,100,100,0.3,True
0.6427197141483039,0.7359650931079822,0.0,0.1,100.0,64,100,100,0.3,True
