exp_score,nov_score,beta,learning_rate,mb_size,num_epochs,num_output,prop_negative,shuffled
0.5647357836732876,0.5603791148784312,0.0,0.1,64,50,,,False
0.5630349593650191,0.5603791148784312,0.0,0.1,64,50,,,True
