exp_score,nov_score,beta,learning_rate,margin,mb_size,num_epochs,num_output,prop_negative,shuffled
0.5015855431697037,0.5000000000000699,0.0,0.1,50.0,64,100,100,0.3,False
0.5028081350645207,0.5000000000000699,0.0,0.1,100.0,64,100,100,0.3,False
0.500000000000002,0.5000000000000699,0.0,0.1,50.0,64,100,100,0.3,True
0.5004409347817392,0.5000000000000699,0.0,0.1,100.0,64,100,100,0.3,True
