exp_score,nov_score,beta,learning_rate,margin,mb_size,num_epochs,num_output,prop_negative,shuffled
0.5044279326718151,0.500000000000002,0.0,0.1,50.0,64,100,100,0.3,False
0.500000000000002,0.500000000000002,0.0,0.1,100.0,64,100,100,0.3,False
0.5021467328919148,0.500000000000002,0.0,0.1,50.0,64,100,100,0.3,True
0.5051618522176129,0.500000000000002,0.0,0.1,100.0,64,100,100,0.3,True
