exp_score,nov_score,beta,learning_rate,margin,mb_size,num_epochs,num_output,prop_negative,shuffled
0.6750416337180511,0.624217522966892,0.0,0.1,50.0,64,100,100,0.3,False
0.5989654431030371,0.624217522966892,0.0,0.1,100.0,64,100,100,0.3,False
0.5746039786165097,0.624217522966892,0.0,0.1,50.0,64,100,100,0.3,True
0.5618048444520832,0.624217522966892,0.0,0.1,100.0,64,100,100,0.3,True
