exp_score,nov_score,beta,learning_rate,margin,mb_size,num_epochs,num_output,prop_negative,shuffled
0.674314273532638,0.624217522966892,0.0,0.1,50.0,64,100,100,0.3,False
0.5946074769420482,0.624217522966892,0.0,0.1,100.0,64,100,100,0.3,False
0.5575266838425006,0.624217522966892,0.0,0.1,50.0,64,100,100,0.3,True
0.5606179646304976,0.624217522966892,0.0,0.1,100.0,64,100,100,0.3,True
