exp_score,nov_score,beta,learning_rate,mb_size,num_epochs,num_output,prop_negative,shuffled
0.6017737611981764,0.5355244556237047,0.0,0.1,64,50,,,False
0.5393456468255551,0.5355244556237047,0.0,0.1,64,50,,,True
