exp_score,nov_score,beta,learning_rate,margin,mb_size,num_epochs,num_output,prop_negative,shuffled
0.6333435192962344,0.6650197983014476,0.0,0.1,50.0,64,100,100,0.3,False
0.608264569231761,0.6650197983014476,0.0,0.1,100.0,64,100,100,0.3,False
0.6002230289158877,0.6650197983014476,0.0,0.1,50.0,64,100,100,0.3,True
0.5969819334303355,0.6650197983014476,0.0,0.1,100.0,64,100,100,0.3,True
