exp_score,nov_score,beta,learning_rate,mb_size,num_epochs,num_output,prop_negative,shuffled
0.7635195492338613,0.6993403421975202,0.0,0.1,64,50,,,False
0.7046313474885249,0.6993403421975202,0.0,0.1,64,50,,,True
