exp_score,nov_score,beta,learning_rate,margin,mb_size,num_epochs,num_output,prop_negative,shuffled
0.5018217293616842,0.5000000000000936,0.0,0.1,50.0,64,100,100,0.3,False
0.5030707786324726,0.5000000000000936,0.0,0.1,100.0,64,100,100,0.3,False
0.5018623315775267,0.5000000000000936,0.0,0.1,50.0,64,100,100,0.3,True
0.5028253358771116,0.5000000000000936,0.0,0.1,100.0,64,100,100,0.3,True
