exp_score,nov_score,beta,learning_rate,margin,mb_size,num_epochs,num_output,prop_negative,shuffled
0.5030822865279517,0.5000000000000936,0.0,0.1,50.0,64,100,100,0.3,False
0.5016884148186775,0.5000000000000936,0.0,0.1,100.0,64,100,100,0.3,False
0.5025101965855447,0.5000000000000936,0.0,0.1,50.0,64,100,100,0.3,True
0.50293563462916,0.5000000000000936,0.0,0.1,100.0,64,100,100,0.3,True
