exp_score,nov_score,beta,learning_rate,margin,mb_size,num_epochs,num_output,prop_negative,shuffled
0.5996532153976646,0.6344340319442623,0.0,0.1,50.0,64,100,100,0.3,False
0.5909173363541274,0.6344340319442623,0.0,0.1,100.0,64,100,100,0.3,False
0.5443012511586486,0.6344340319442623,0.0,0.1,50.0,64,100,100,0.3,True
0.5517181330472296,0.6344340319442623,0.0,0.1,100.0,64,100,100,0.3,True
