exp_score,nov_score,beta,learning_rate,margin,mb_size,num_epochs,num_output,prop_negative,shuffled
0.5765573901874124,0.5935106975640656,0.0,0.1,50.0,64,100,100,0.3,False
0.5677125787737378,0.5935106975640656,0.0,0.1,100.0,64,100,100,0.3,False
0.5686675602332468,0.5935106975640656,0.0,0.1,50.0,64,100,100,0.3,True
0.5681535807056066,0.5935106975640656,0.0,0.1,100.0,64,100,100,0.3,True
