exp_score,nov_score,beta,learning_rate,mb_size,num_epochs,num_output,prop_negative,shuffled
0.7398855094830321,0.7048259277025198,0.0,0.1,64,50,,,False
0.6586061285857383,0.7048259277025198,0.0,0.1,64,50,,,True
