exp_score,nov_score,beta,learning_rate,margin,mb_size,num_epochs,num_output,prop_negative,shuffled
0.5681499324021726,0.5385774204951189,0.0,0.1,50.0,64,100,100,0.3,False
0.5243494389925102,0.5385774204951189,0.0,0.1,100.0,64,100,100,0.3,False
0.5229818123513043,0.5385774204951189,0.0,0.1,50.0,64,100,100,0.3,True
0.521984425163192,0.5385774204951189,0.0,0.1,100.0,64,100,100,0.3,True
