exp_score,nov_score,beta,learning_rate,mb_size,num_epochs,num_output,prop_negative,shuffled
0.7765584712010074,0.6523562681249175,0.0,0.1,64,50,,,False
0.6449678719771771,0.6523562681249175,0.0,0.1,64,50,,,True
