exp_score,nov_score,beta,learning_rate,margin,mb_size,num_epochs,num_output,prop_negative,shuffled
0.5262488833917649,0.5545935545935744,0.0,0.1,50.0,64,100,100,0.3,False
0.5268329554044071,0.5545935545935744,0.0,0.1,100.0,64,100,100,0.3,False
0.5199615199615442,0.5545935545935744,0.0,0.1,50.0,64,100,100,0.3,True
0.5260770975056931,0.5545935545935744,0.0,0.1,100.0,64,100,100,0.3,True
