exp_score,nov_score,beta,learning_rate,margin,mb_size,num_epochs,num_output,prop_negative,shuffled
0.5280010994296943,0.5550745550745826,0.0,0.1,50.0,64,100,100,0.3,False
0.5242218099361202,0.5550745550745826,0.0,0.1,100.0,64,100,100,0.3,False
0.5240500240500476,0.5550745550745826,0.0,0.1,50.0,64,100,100,0.3,True
0.5270047412904788,0.5550745550745826,0.0,0.1,100.0,64,100,100,0.3,True
