exp_score,nov_score,beta,learning_rate,margin,mb_size,num_epochs,num_output,prop_negative,shuffled
0.7551742745295695,0.6282124237421789,0.0,0.1,50.0,64,100,100,0.3,False
0.7378486263023132,0.6282124237421789,0.0,0.1,100.0,64,100,100,0.3,False
0.5538202571867533,0.6282124237421789,0.0,0.1,50.0,64,100,100,0.3,True
0.566655036742428,0.6282124237421789,0.0,0.1,100.0,64,100,100,0.3,True
