exp_score,nov_score,beta,learning_rate,mb_size,num_epochs,num_output,prop_negative,shuffled
0.5822105233111289,0.5624041901018829,0.0,0.1,64,50,,,False
0.5713302883232036,0.5624041901018829,0.0,0.1,64,50,,,True
