exp_score,nov_score,beta,learning_rate,mb_size,num_epochs,num_folds,num_hiddens,shuffled
0.38980902251495025,0.2690166975881262,0.0,0.1,8,500,2,32,False
0.34194752941824896,0.2690166975881262,0.3,0.1,8,500,2,32,False
