exp_score,nov_score,beta,learning_rate,mb_size,num_epochs,num_output,prop_negative,shuffled
0.8526420669277958,0.7967429396001033,0.0,0.1,64,50,,,False
0.7959183673469632,0.7967429396001033,0.0,0.1,64,50,,,True
