exp_score,nov_score,beta,learning_rate,margin,mb_size,num_epochs,num_output,prop_negative,shuffled
0.7552738267024128,0.7296090153233314,0.0,0.1,50.0,64,100,100,0.3,False
0.708891637463087,0.7296090153233314,0.0,0.1,100.0,64,100,100,0.3,False
0.6675599532742691,0.7296090153233314,0.0,0.1,50.0,64,100,100,0.3,True
0.6569092283378266,0.7296090153233314,0.0,0.1,100.0,64,100,100,0.3,True
