exp_score,nov_score,beta,learning_rate,margin,mb_size,num_epochs,num_output,prop_negative,shuffled
0.5312306740878452,0.6812341098055695,0.0,0.1,50.0,64,100,100,0.3,False
0.5319178176321309,0.6812341098055695,0.0,0.1,100.0,64,100,100,0.3,False
0.5282759568474064,0.6812341098055695,0.0,0.1,50.0,64,100,100,0.3,True
0.5294784580499057,0.6812341098055695,0.0,0.1,100.0,64,100,100,0.3,True
