exp_score,nov_score,beta,learning_rate,margin,mb_size,num_epochs,num_output,prop_negative,shuffled
0.5344258915687619,0.6810279667422838,0.0,0.1,50.0,64,100,100,0.3,False
0.5297876726448438,0.6810279667422838,0.0,0.1,100.0,64,100,100,0.3,False
0.5294784580499053,0.6810279667422838,0.0,0.1,50.0,64,100,100,0.3,True
0.5282415996701875,0.6810279667422838,0.0,0.1,100.0,64,100,100,0.3,True
