exp_score,nov_score,beta,learning_rate,margin,mb_size,num_epochs,num_output,prop_negative,shuffled
0.6196962247681388,0.6435824312739977,0.0,0.1,50.0,64,100,100,0.3,False
0.6050453935555806,0.6435824312739977,0.0,0.1,100.0,64,100,100,0.3,False
0.5974817917874082,0.6435824312739977,0.0,0.1,50.0,64,100,100,0.3,True
0.5926343318964371,0.6435824312739977,0.0,0.1,100.0,64,100,100,0.3,True
