exp_score,nov_score,beta,learning_rate,margin,mb_size,num_epochs,num_output,prop_negative,shuffled
0.6238193504542167,0.6436644861000943,0.0,0.1,50.0,64,100,100,0.3,False
0.6037831138250848,0.6436644861000943,0.0,0.1,100.0,64,100,100,0.3,False
0.599285929084759,0.6436644861000943,0.0,0.1,50.0,64,100,100,0.3,True
0.5934332172688466,0.6436644861000943,0.0,0.1,100.0,64,100,100,0.3,True
