exp_score,nov_score,beta,learning_rate,margin,mb_size,num_epochs,num_output,prop_negative,shuffled
0.719013095788372,0.7049970433514434,0.0,0.1,50.0,64,100,100,0.3,False
0.7212790707309105,0.7049970433514434,0.0,0.1,100.0,64,100,100,0.3,False
0.6554820131893113,0.7049970433514434,0.0,0.1,50.0,64,100,100,0.3,True
0.6699840167762128,0.7049970433514434,0.0,0.1,100.0,64,100,100,0.3,True
