exp_score,nov_score,beta,learning_rate,margin,mb_size,num_epochs,num_output,prop_negative,shuffled
0.7198819996429972,0.7051052318677726,0.0,0.1,50.0,64,100,100,0.3,False
0.7206588092314461,0.7051052318677726,0.0,0.1,100.0,64,100,100,0.3,False
0.6578915454959623,0.7051052318677726,0.0,0.1,50.0,64,100,100,0.3,True
0.6687279802663542,0.7051052318677726,0.0,0.1,100.0,64,100,100,0.3,True
