exp_score,nov_score,beta,learning_rate,margin,mb_size,num_epochs,num_output,prop_negative,shuffled
0.5937074398540385,0.631579559410858,0.0,0.1,50.0,64,100,100,0.3,False
0.5826032370135222,0.631579559410858,0.0,0.1,100.0,64,100,100,0.3,False
0.5832114987928767,0.631579559410858,0.0,0.1,50.0,64,100,100,0.3,True
0.5855187564358084,0.631579559410858,0.0,0.1,100.0,64,100,100,0.3,True
