exp_score,nov_score,beta,learning_rate,margin,mb_size,num_epochs,num_output,prop_negative,shuffled
0.5911272575633426,0.632935245570513,0.0,0.1,50.0,64,100,100,0.3,False
0.5861600235017086,0.632935245570513,0.0,0.1,100.0,64,100,100,0.3,False
0.5857788928176209,0.632935245570513,0.0,0.1,50.0,64,100,100,0.3,True
0.5801393769814365,0.632935245570513,0.0,0.1,100.0,64,100,100,0.3,True
