exp_score,nov_score,beta,learning_rate,margin,mb_size,num_epochs,num_output,prop_negative,shuffled
0.6246478389335864,0.721706864564037,0.0,0.1,50.0,64,100,100,0.3,False
0.6081907510479331,0.721706864564037,0.0,0.1,100.0,64,100,100,0.3,False
0.6033120318834935,0.721706864564037,0.0,0.1,50.0,64,100,100,0.3,True
0.5981240981241378,0.721706864564037,0.0,0.1,100.0,64,100,100,0.3,True
