exp_score,nov_score,beta,learning_rate,margin,mb_size,num_epochs,num_output,prop_negative,shuffled
0.5048936882911297,0.5422341534509263,0.0,0.1,50.0,64,100,100,0.3,False
0.5104134651111365,0.5422341534509263,0.0,0.1,100.0,64,100,100,0.3,False
0.5038156050367539,0.5422341534509263,0.0,0.1,50.0,64,100,100,0.3,True
0.5069039110792651,0.5422341534509263,0.0,0.1,100.0,64,100,100,0.3,True
