exp_score,nov_score,beta,learning_rate,margin,mb_size,num_epochs,num_output,prop_negative,shuffled
0.5037640260590756,0.5422341534509263,0.0,0.1,50.0,64,100,100,0.3,False
0.506420284394923,0.5422341534509263,0.0,0.1,100.0,64,100,100,0.3,False
0.5059796795352167,0.5422341534509263,0.0,0.1,50.0,64,100,100,0.3,True
0.5063014875046762,0.5422341534509263,0.0,0.1,100.0,64,100,100,0.3,True
