exp_score,nov_score,beta,learning_rate,margin,mb_size,num_epochs,num_output,prop_negative,shuffled
0.7937741821873137,0.569800607737173,0.0,0.1,50.0,64,100,100,0.3,False
0.7015604558422783,0.569800607737173,0.0,0.1,100.0,64,100,100,0.3,False
0.5115727534299798,0.569800607737173,0.0,0.1,50.0,64,100,100,0.3,True
0.5009500725582312,0.569800607737173,0.0,0.1,100.0,64,100,100,0.3,True
