exp_score,nov_score,beta,learning_rate,margin,mb_size,num_epochs,num_output,shuffled,train_on_second_neighbors
0.03252850435949028,0.01676727028839705,0.0,0.1,50.0,64,500,100,False,True
0.03219315895372234,0.01676727028839705,0.0,0.1,100.0,64,500,100,False,True
0.02448021462105969,0.01676727028839705,0.0,0.1,50.0,64,500,100,True,True
0.030181086519114688,0.01676727028839705,0.0,0.1,100.0,64,500,100,True,True
