exp_score,nov_score,beta,learning_rate,mb_size,num_epochs,num_output,prop_negative,shuffled
0.5846217274788914,0.5570672713530164,0.0,0.1,64,50,,,False
0.5802240087954593,0.5570672713530164,0.0,0.1,64,50,,,True
