exp_score,nov_score,beta,learning_rate,margin,mb_size,num_epochs,num_output,prop_negative,shuffled
0.7639999888023339,0.6016847988420353,0.0,0.1,50.0,64,100,100,0.3,False
0.6887691450138698,0.6016847988420353,0.0,0.1,100.0,64,100,100,0.3,False
0.5476177708125842,0.6016847988420353,0.0,0.1,50.0,64,100,100,0.3,True
0.5490686909424879,0.6016847988420353,0.0,0.1,100.0,64,100,100,0.3,True
