exp_score,nov_score,beta,learning_rate,margin,mb_size,num_epochs,num_output,prop_negative,shuffled
0.7647908796885484,0.6016847988420353,0.0,0.1,50.0,64,100,100,0.3,False
0.6858925698640497,0.6016847988420353,0.0,0.1,100.0,64,100,100,0.3,False
0.5491238720459659,0.6016847988420353,0.0,0.1,50.0,64,100,100,0.3,True
0.5522259076606543,0.6016847988420353,0.0,0.1,100.0,64,100,100,0.3,True
