exp_score,nov_score,beta,learning_rate,margin,mb_size,num_epochs,num_output,prop_negative,shuffled
0.6430275821104654,0.5579956781103506,0.0,0.1,50.0,64,100,100,0.3,False
0.5608770593658752,0.5579956781103506,0.0,0.1,100.0,64,100,100,0.3,False
0.5081547425997688,0.5579956781103506,0.0,0.1,50.0,64,100,100,0.3,True
0.5075647645736256,0.5579956781103506,0.0,0.1,100.0,64,100,100,0.3,True
