exp_score,nov_score,beta,learning_rate,mb_size,num_epochs,num_output,prop_negative,shuffled
0.5734450760301375,0.5000341654518962,0.0,0.1,64,50,,,False
0.5576304015628638,0.5000341654518962,0.0,0.1,64,50,,,True
