exp_score,nov_score,beta,learning_rate,margin,mb_size,num_epochs,num_output,prop_negative,shuffled
0.570731297005465,0.592577947644715,0.0,0.1,50.0,64,100,100,0.3,False
0.5686662981658142,0.592577947644715,0.0,0.1,100.0,64,100,100,0.3,False
0.5700805798248679,0.592577947644715,0.0,0.1,50.0,64,100,100,0.3,True
0.565211814384982,0.592577947644715,0.0,0.1,100.0,64,100,100,0.3,True
