exp_score,nov_score,beta,learning_rate,margin,mb_size,num_epochs,num_output,prop_negative,shuffled
0.5708969664427597,0.5933684670105641,0.0,0.1,50.0,64,100,100,0.3,False
0.5659588317570878,0.5933684670105641,0.0,0.1,100.0,64,100,100,0.3,False
0.5689808128948629,0.5933684670105641,0.0,0.1,50.0,64,100,100,0.3,True
0.5625680020061056,0.5933684670105641,0.0,0.1,100.0,64,100,100,0.3,True
