exp_score,nov_score,beta,learning_rate,margin,mb_size,num_epochs,num_output,prop_negative,shuffled
0.5283397565094844,0.5744015540262377,0.0,0.1,50.0,64,100,100,0.3,False
0.5289665532165385,0.5744015540262377,0.0,0.1,100.0,64,100,100,0.3,False
0.525991437653668,0.5744015540262377,0.0,0.1,50.0,64,100,100,0.3,True
0.5067235617019461,0.5744015540262377,0.0,0.1,100.0,64,100,100,0.3,True
