exp_score,nov_score,beta,learning_rate,margin,mb_size,num_epochs,num_output,prop_negative,shuffled
0.5172392405308398,0.5744015540262377,0.0,0.1,50.0,64,100,100,0.3,False
0.5225741238301617,0.5744015540262377,0.0,0.1,100.0,64,100,100,0.3,False
0.5185251740820147,0.5744015540262377,0.0,0.1,50.0,64,100,100,0.3,True
0.5090416059404246,0.5744015540262377,0.0,0.1,100.0,64,100,100,0.3,True
