exp_score,nov_score,beta,learning_rate,mb_size,num_epochs,num_output,prop_negative,shuffled
0.7498689669606396,0.6148227830563382,0.0,0.1,64,50,,,False
0.6192569615882411,0.6148227830563382,0.0,0.1,64,50,,,True
