exp_score,nov_score,beta,learning_rate,margin,mb_size,num_epochs,num_output,prop_negative,shuffled
0.843963099171292,0.7531024653175687,0.0,0.1,50.0,64,100,100,0.3,False
0.845956699644546,0.7531024653175687,0.0,0.1,100.0,64,100,100,0.3,False
0.7201840791521779,0.7531024653175687,0.0,0.1,50.0,64,100,100,0.3,True
0.7510219803119718,0.7531024653175687,0.0,0.1,100.0,64,100,100,0.3,True
