exp_score,nov_score,beta,learning_rate,margin,mb_size,num_epochs,num_output,prop_negative,shuffled
0.530302444048795,0.5666094207169249,0.0,0.1,50.0,64,100,100,0.3,False
0.5262964495579341,0.5666094207169249,0.0,0.1,100.0,64,100,100,0.3,False
0.5090755012936413,0.5666094207169249,0.0,0.1,50.0,64,100,100,0.3,True
0.5087990566197711,0.5666094207169249,0.0,0.1,100.0,64,100,100,0.3,True
