exp_score,nov_score,beta,learning_rate,margin,mb_size,num_epochs,num_output,prop_negative,shuffled
0.5316215931939499,0.5716950592664064,0.0,0.1,50.0,64,100,100,0.3,False
0.5250220013283302,0.5716950592664064,0.0,0.1,100.0,64,100,100,0.3,False
0.5082429928691272,0.5716950592664064,0.0,0.1,50.0,64,100,100,0.3,True
0.5110147541783929,0.5716950592664064,0.0,0.1,100.0,64,100,100,0.3,True
