exp_score,nov_score,beta,learning_rate,mb_size,num_epochs,num_output,prop_negative,shuffled
0.6057679696555576,0.5340311353641604,0.0,0.1,64,50,,,False
0.5396373614826971,0.5340311353641604,0.0,0.1,64,50,,,True
