exp_score,nov_score,beta,learning_rate,margin,mb_size,num_epochs,num_output,prop_negative,shuffled
0.5681193671128844,0.6304332805356256,0.0,0.1,50.0,64,500,256,0.5,False
0.566142959475372,0.6304332805356256,0.0,0.1,100.0,64,500,256,0.5,False
0.5414851302273224,0.6304332805356256,0.0,0.1,50.0,64,500,256,0.5,True
0.5457826150209094,0.6304332805356256,0.0,0.1,100.0,64,500,256,0.5,True
