exp_score,nov_score,beta,learning_rate,margin,mb_size,num_epochs,num_output,prop_negative,shuffled
0.5689717902368928,0.6277382363166546,0.0,0.1,50.0,64,500,256,0.5,False
0.5673182135077534,0.6277382363166546,0.0,0.1,100.0,64,500,256,0.5,False
0.542273847803763,0.6277382363166546,0.0,0.1,50.0,64,500,256,0.5,True
0.5447941791955263,0.6277382363166546,0.0,0.1,100.0,64,500,256,0.5,True
