exp_score,nov_score,beta,learning_rate,mb_size,num_epochs,num_output,prop_negative,shuffled
0.7236769411124293,0.5292530278416899,0.0,0.1,64,50,,,False
0.5997962151222083,0.5292530278416899,0.0,0.1,64,50,,,True
