exp_score,nov_score,beta,learning_rate,margin,mb_size,num_epochs,num_output,prop_negative,shuffled
0.7372533630242595,0.7005567386885134,0.0,0.1,50.0,64,100,100,0.3,False
0.7400562775632791,0.7005567386885134,0.0,0.1,100.0,64,100,100,0.3,False
0.6592743322280885,0.7005567386885134,0.0,0.1,50.0,64,100,100,0.3,True
0.6775920737345305,0.7005567386885134,0.0,0.1,100.0,64,100,100,0.3,True
