exp_score,nov_score,beta,learning_rate,margin,mb_size,num_epochs,num_output,prop_negative,shuffled
0.7410292677203986,0.7027785774501002,0.0,0.1,50.0,64,100,100,0.3,False
0.7422219551837972,0.7027785774501002,0.0,0.1,100.0,64,100,100,0.3,False
0.6624696138490237,0.7027785774501002,0.0,0.1,50.0,64,100,100,0.3,True
0.6784084371513688,0.7027785774501002,0.0,0.1,100.0,64,100,100,0.3,True
