exp_score,nov_score,beta,learning_rate,margin,mb_size,num_epochs,num_output,prop_negative,shuffled
0.6568770273369271,0.6682472664679953,0.0,0.1,50.0,64,100,100,0.3,False
0.649819881429714,0.6682472664679953,0.0,0.1,100.0,64,100,100,0.3,False
0.6354643876652275,0.6682472664679953,0.0,0.1,50.0,64,100,100,0.3,True
0.6415736320034064,0.6682472664679953,0.0,0.1,100.0,64,100,100,0.3,True
