exp_score,nov_score,beta,learning_rate,mb_size,num_epochs,num_output,prop_negative,shuffled
0.6197975080008443,0.6157048699472816,0.0,0.1,64,50,,,False
0.6184539314761832,0.6157048699472816,0.0,0.1,64,50,,,True
