exp_score,nov_score,beta,learning_rate,mb_size,num_epochs,num_output,prop_negative,shuffled
0.6189896650334248,0.6150174238788648,0.0,0.1,64,50,,,False
0.6186557030465828,0.6150174238788648,0.0,0.1,64,50,,,True
