exp_score,nov_score,beta,learning_rate,mb_size,num_epochs,num_output,prop_negative,shuffled
0.7231329389425167,0.6726791549929472,0.0,0.1,64,50,,,False
0.6693588657521643,0.6726791549929472,0.0,0.1,64,50,,,True
