exp_score,nov_score,beta,learning_rate,margin,mb_size,num_epochs,num_output,prop_negative,shuffled
0.6652288759019007,0.573069290136248,0.0,0.1,50.0,64,100,100,0.3,False
0.6062516368814154,0.573069290136248,0.0,0.1,100.0,64,100,100,0.3,False
0.5569042410044047,0.573069290136248,0.0,0.1,50.0,64,100,100,0.3,True
0.5445650730735323,0.573069290136248,0.0,0.1,100.0,64,100,100,0.3,True
