exp_score,nov_score,beta,learning_rate,margin,mb_size,num_epochs,num_output,prop_negative,shuffled
0.500601274702371,0.504212202596814,0.0,0.1,50.0,64,100,100,0.3,False
0.503257815660111,0.504212202596814,0.0,0.1,100.0,64,100,100,0.3,False
0.5002605523710286,0.504212202596814,0.0,0.1,50.0,64,100,100,0.3,True
0.5001603399206337,0.504212202596814,0.0,0.1,100.0,64,100,100,0.3,True
