exp_score,nov_score,beta,learning_rate,margin,mb_size,num_epochs,num_output,prop_negative,shuffled
0.6560296260103851,0.6806370748130972,0.0,0.1,50.0,64,100,100,0.3,False
0.6595680082035599,0.6806370748130972,0.0,0.1,100.0,64,100,100,0.3,False
0.642325878917817,0.6806370748130972,0.0,0.1,50.0,64,100,100,0.3,True
0.6477460515382634,0.6806370748130972,0.0,0.1,100.0,64,100,100,0.3,True
