exp_score,nov_score,beta,learning_rate,margin,mb_size,num_epochs,num_output,prop_negative,shuffled
0.658131556568605,0.674815417678474,0.0,0.1,50.0,64,100,100,0.3,False
0.6518015461961211,0.674815417678474,0.0,0.1,100.0,64,100,100,0.3,False
0.640948344284529,0.674815417678474,0.0,0.1,50.0,64,100,100,0.3,True
0.6445854037338935,0.674815417678474,0.0,0.1,100.0,64,100,100,0.3,True
