exp_score,nov_score,beta,learning_rate,margin,mb_size,num_epochs,num_output,prop_negative,shuffled
0.5046439964666695,0.5503035487753443,0.0,0.1,50.0,64,100,100,0.3,False
0.5110619202676419,0.5503035487753443,0.0,0.1,100.0,64,100,100,0.3,False
0.5011054071292789,0.5503035487753443,0.0,0.1,50.0,64,100,100,0.3,True
0.510064982430107,0.5503035487753443,0.0,0.1,100.0,64,100,100,0.3,True
