exp_score,nov_score,beta,learning_rate,margin,mb_size,num_epochs,num_output,prop_negative,shuffled
0.5692079974768103,0.5758731345682886,0.0,0.1,50.0,64,100,100,0.3,False
0.5622429778736198,0.5758731345682886,0.0,0.1,100.0,64,100,100,0.3,False
0.5624984561665016,0.5758731345682886,0.0,0.1,50.0,64,100,100,0.3,True
0.5608115732986824,0.5758731345682886,0.0,0.1,100.0,64,100,100,0.3,True
