exp_score,nov_score,beta,learning_rate,mb_size,num_epochs,num_output,prop_negative,shuffled
0.7285542056742845,0.6971472141188635,0.0,0.1,64,50,,,False
0.6940059611279743,0.6971472141188635,0.0,0.1,64,50,,,True
