exp_score,nov_score,beta,learning_rate,mb_size,num_epochs,num_output,prop_negative,shuffled
0.7387388210102883,0.7235344014987387,0.0,0.1,64,50,,,False
0.7238628151217812,0.7235344014987387,0.0,0.1,64,50,,,True
