exp_score,nov_score,beta,learning_rate,margin,mb_size,num_epochs,num_output,prop_negative,shuffled
0.5064815418077746,0.5456603195016959,0.0,0.1,50.0,64,100,100,0.3,False
0.5008981469809671,0.5456603195016959,0.0,0.1,100.0,64,100,100,0.3,False
0.5080068985997492,0.5456603195016959,0.0,0.1,50.0,64,100,100,0.3,True
0.5055246160375949,0.5456603195016959,0.0,0.1,100.0,64,100,100,0.3,True
