exp_score,nov_score,beta,learning_rate,margin,mb_size,num_epochs,num_output,prop_negative,shuffled
0.6144961647540865,0.6020045026477048,0.0,0.1,50.0,64,100,100,0.3,False
0.603851973546135,0.6020045026477048,0.0,0.1,100.0,64,100,100,0.3,False
0.5874917909684458,0.6020045026477048,0.0,0.1,50.0,64,100,100,0.3,True
0.5798852154545535,0.6020045026477048,0.0,0.1,100.0,64,100,100,0.3,True
