exp_score,nov_score,beta,learning_rate,margin,mb_size,num_epochs,num_output,prop_negative,shuffled
0.6147031846139814,0.6015633500544979,0.0,0.1,50.0,64,100,100,0.3,False
0.6003028273194841,0.6015633500544979,0.0,0.1,100.0,64,100,100,0.3,False
0.5833791213308025,0.6015633500544979,0.0,0.1,50.0,64,100,100,0.3,True
0.583322570142216,0.6015633500544979,0.0,0.1,100.0,64,100,100,0.3,True
