exp_score,nov_score,beta,learning_rate,margin,mb_size,num_epochs,num_output,prop_negative,shuffled
0.5948556783820811,0.6216327339715023,0.0,0.1,50.0,64,100,100,0.3,False
0.5962412642531381,0.6216327339715023,0.0,0.1,100.0,64,100,100,0.3,False
0.5895310535010116,0.6216327339715023,0.0,0.1,50.0,64,100,100,0.3,True
0.594239488493473,0.6216327339715023,0.0,0.1,100.0,64,100,100,0.3,True
