exp_score,nov_score,beta,learning_rate,margin,mb_size,num_epochs,num_output,prop_negative,shuffled
0.5007816571130818,0.500000000000002,0.0,0.1,50.0,64,100,100,0.3,False
0.5007616146230027,0.500000000000002,0.0,0.1,100.0,64,100,100,0.3,False
0.5004810197618972,0.500000000000002,0.0,0.1,50.0,64,100,100,0.3,True
0.50062131719245,0.500000000000002,0.0,0.1,100.0,64,100,100,0.3,True
