exp_score,nov_score,beta,learning_rate,mb_size,num_epochs,num_output,prop_negative,shuffled
0.6185655610116778,0.5000000000000013,0.0,0.1,64,50,,,False
0.5244221745778052,0.5000000000000013,0.0,0.1,64,50,,,True
