exp_score,nov_score,beta,learning_rate,margin,mb_size,num_epochs,num_output,prop_negative,shuffled
0.5027278740155968,0.5000000000000001,0.0,0.1,50.0,64,100,100,0.3,False
0.5000379758136346,0.5000000000000001,0.0,0.1,100.0,64,100,100,0.3,False
0.5000139567730826,0.5000000000000001,0.0,0.1,50.0,64,100,100,0.3,True
0.5001409634081325,0.5000000000000001,0.0,0.1,100.0,64,100,100,0.3,True
