exp_score,nov_score,beta,learning_rate,margin,mb_size,num_epochs,num_output,prop_negative,shuffled
0.6671055703818487,0.6179345181333532,0.0,0.1,50.0,64,100,100,0.3,False
0.6481017332353061,0.6179345181333532,0.0,0.1,100.0,64,100,100,0.3,False
0.6063119966177264,0.6179345181333532,0.0,0.1,50.0,64,100,100,0.3,True
0.6158710152111746,0.6179345181333532,0.0,0.1,100.0,64,100,100,0.3,True
