exp_score,nov_score,beta,learning_rate,margin,mb_size,num_epochs,num_output,prop_negative,shuffled
0.6635592212958599,0.6190692508123429,0.0,0.1,50.0,64,100,100,0.3,False
0.6420226809789811,0.6190692508123429,0.0,0.1,100.0,64,100,100,0.3,False
0.6084695351915963,0.6190692508123429,0.0,0.1,50.0,64,100,100,0.3,True
0.6128393338894471,0.6190692508123429,0.0,0.1,100.0,64,100,100,0.3,True
