exp_score,nov_score,beta,learning_rate,margin,mb_size,num_epochs,num_output,prop_negative,shuffled
0.6137274310191649,0.641675353409539,0.0,0.1,50.0,64,100,100,0.3,False
0.6022154804640627,0.641675353409539,0.0,0.1,100.0,64,100,100,0.3,False
0.60095187201051,0.641675353409539,0.0,0.1,50.0,64,100,100,0.3,True
0.5920509834177601,0.641675353409539,0.0,0.1,100.0,64,100,100,0.3,True
