exp_score,nov_score,beta,learning_rate,margin,mb_size,num_epochs,num_output,prop_negative,shuffled
0.6200926146593186,0.6399556334668641,0.0,0.1,50.0,64,100,100,0.3,False
0.6055707556673253,0.6399556334668641,0.0,0.1,100.0,64,100,100,0.3,False
0.5997187452769004,0.6399556334668641,0.0,0.1,50.0,64,100,100,0.3,True
0.596257505406186,0.6399556334668641,0.0,0.1,100.0,64,100,100,0.3,True
