exp_score,nov_score,beta,learning_rate,mb_size,num_epochs,num_output,prop_negative,shuffled
0.6095650381364996,0.6007008864152119,0.0,0.1,64,50,,,False
0.6005634577063573,0.6007008864152119,0.0,0.1,64,50,,,True
