exp_score,nov_score,beta,learning_rate,mb_size,num_epochs,num_output,prop_negative,shuffled
0.7454379282420188,0.7386775973413531,0.0,0.1,64,50,,,False
0.7410266236370512,0.7386775973413531,0.0,0.1,64,50,,,True
