exp_score,nov_score,beta,learning_rate,mb_size,num_epochs,num_output,prop_negative,shuffled
0.8033687660484192,0.7349461959050505,0.0,0.1,64,50,,,False
0.7900311882733515,0.7349461959050505,0.0,0.1,64,50,,,True
