exp_score,nov_score,beta,learning_rate,margin,mb_size,num_epochs,num_output,prop_negative,shuffled
0.7503767882165719,0.6404603847370846,0.0,0.1,50.0,64,100,100,0.3,False
0.7248312847573959,0.6404603847370846,0.0,0.1,100.0,64,100,100,0.3,False
0.5399219249965406,0.6404603847370846,0.0,0.1,50.0,64,100,100,0.3,True
0.5520150145331284,0.6404603847370846,0.0,0.1,100.0,64,100,100,0.3,True
