exp_score,nov_score,beta,learning_rate,mb_size,num_epochs,num_output,prop_negative,shuffled
0.7493422946306918,0.6006341778179614,0.0,0.1,64,50,,,False
0.600072048499049,0.6006341778179614,0.0,0.1,64,50,,,True
