exp_score,nov_score,beta,learning_rate,margin,mb_size,num_epochs,num_output,prop_negative,shuffled
0.8021713735999614,0.8235415378272717,0.0,0.1,50.0,64,100,100,0.3,False
0.8054353054353205,0.8235415378272717,0.0,0.1,100.0,64,100,100,0.3,False
0.7939600082457416,0.8235415378272717,0.0,0.1,50.0,64,100,100,0.3,True
0.7913488627774549,0.8235415378272717,0.0,0.1,100.0,64,100,100,0.3,True
